CHR	BP	P	SNP
11	134131484	0.2229	11:134131484:A:G
11	134131509	0.5144	rs7943666
11	134131934	0.1649	rs2276264
11	134132157	0.2654	rs74339999
11	134132182	0.9792	11:134132182:G:A
11	134132311	0.04219	rs61909716
11	134132312	0.8482	11:134132312:G:A
11	134132334	0.4517	rs73603086
11	134132559	0.682	rs561945
11	134132680	0.8023	rs71486998
11	134132704	0.8023	rs71486999
11	134132714	0.2108	rs149141770
11	134133131	0.2981	rs79594709
11	134133187	0.02693	rs73043942
11	134133433	0.8399	rs146994048
11	134133618	0.5335	rs199764338
11	134134391	0.5755	rs191800299
11	134134693	0.04008	rs117744544
11	134134746	0.4296	11:134134746:A:G
11	134135348	0.7658	rs148808998
11	134135506	0.6772	rs139716145
11	134136193	0.8222	rs7112898
11	134136378	0.6625	rs151071544
11	134136612	0.1782	rs181339812
11	134136831	0.865	rs10791351
11	134136920	0.6776	rs514417
11	134137166	0.6425	11:134137166:G:T
11	134137444	0.867	rs58897957
11	134137451	0.8484	rs57534561
11	134137456	0.7992	rs12800650
11	134137634	0.1523	rs79062198
11	134137882	0.6432	11:134137882:A:G
11	134137970	0.1449	rs192454104
11	134138108	0.1851	rs188748049
11	134138421	0.6526	rs141147311
11	134138539	0.8099	rs71487000
11	134138626	0.8719	rs10894790
11	134138703	0.3066	rs142216845
11	134139101	0.2337	rs79204670
11	134139222	0.4739	rs112187248
11	134139254	0.832	rs182563506
11	134139443	0.8041	rs35340935
11	134139496	0.7336	11:134139496:A:G
11	134139579	0.8753	rs1839796
11	134139732	0.8284	rs77005816
11	134139774	0.7431	11:134139774:GGGACAAGGGGACTGCCGCGT:G
11	134139780	0.18	rs478881
11	134139831	0.8023	rs66594429
11	134140107	0.443	11:134140107:G:C
11	134140337	0.4839	rs193278330
11	134140586	0.88	rs11223741
11	134141098	0.8034	rs7111570
11	134141225	0.321	rs534223
11	134141381	0.5647	rs147649124
11	134141986	0.5525	rs190670340
11	134142033	0.8431	rs10894791
11	134142063	0.5706	rs182450238
11	134142067	0.2044	11:134142067:G:C
11	134142082	0.4898	11:134142082:A:G
11	134142313	0.6455	rs187018241
11	134142520	0.9094	rs55823731
11	134142530	0.6923	rs554874
11	134142634	0.524	rs553991
11	134142651	0.5709	rs143510910
11	134142907	0.3007	11:134142907:T:TC
11	134142913	0.7486	11:134142913:C:G
11	134142949	0.671	rs529419
11	134143180	0.386	rs190237915
11	134143420	0.6601	rs486119
11	134143682	0.2297	rs182895916
11	134144042	0.6832	11:134144042:C:T
11	134144094	0.6765	rs67068284
11	134144370	0.5507	rs141940391
11	134144597	0.4216	rs61909717
11	134145044	0.9655	rs374519895
11	134145044	0.5658	rs374519895
11	134145276	0.3512	rs184612101
11	134145291	0.7182	rs34087739
11	134145344	0.8124	rs189497207
11	134145482	0.883	11:134145482:C:T
11	134145643	0.4738	rs76158298
11	134145721	0.231	11:134145721:G:A
11	134146010	0.3626	rs2443557
11	134146025	0.4048	rs2443558
11	134146034	0.6243	11:134146034:C:G
11	134146123	0.2075	rs113887517
11	134146200	0.5737	rs191043944
11	134146233	0.948	rs11223742
11	134146404	0.105	11:134146404:G:A
11	134146406	0.5363	rs3132809
11	134146483	0.9095	rs181828569
11	134146846	0.331	11:134146846:C:<CN2>:134214583
11	134147371	0.8749	rs67473835
11	134147412	0.08783	rs187817990
11	134147600	0.793	rs76849136
11	134147878	0.4914	rs140570171
11	134148014	0.04908	rs151188940
11	134148170	0.7599	rs3832769
11	134148233	0.8984	rs182735520
11	134148376	0.5708	rs150318707
11	134148834	0.3456	11:134148834:G:A
11	134148862	0.7422	rs1669258
11	134149074	0.6295	rs3132810
11	134149079	0.9664	11:134149079:T:C
11	134149093	0.6725	rs138531630
11	134149258	0.2423	rs10577769
11	134149264	0.3615	11:134149264:T:C
11	134149280	0.713	11:134149280:A:G
11	134149338	0.6885	rs184796567
11	134149545	0.2707	11:134149545:C:T
11	134149639	0.3729	rs192827950
11	134149641	0.01198	rs536449
11	134149988	0.6444	rs76939617
11	134150220	0.5376	rs79233751
11	134150557	0.1983	rs12805143
11	134150588	0.2905	rs181264016
11	134150896	0.5832	rs503676
11	134151039	0.7249	rs11223743
11	134151081	0.02259	rs183737927
11	134151111	0.3345	11:134151111:T:C
11	134151364	0.6322	rs540518
11	134151365	0.6246	rs11223744
11	134151370	0.8351	rs541174
11	134151397	0.5504	rs71038571
11	134151436	0.4616	rs28472542
11	134151500	0.9588	rs2846391
11	134151501	0.9612	rs115980227
11	134151590	0.9217	11:134151590:C:T
11	134151604	0.1033	rs200004153
11	134151611	0.03537	rs543072
11	134151615	0.7546	11:134151615:G:C
11	134151616	0.5897	11:134151616:C:G
11	134151622	0.1368	rs112755413
11	134151790	0.2856	11:134151790:G:A
11	134151819	0.6163	rs145657962
11	134151854	0.4094	rs544983
11	134151899	0.7655	rs369457965
11	134151904	0.3706	rs201437171
11	134151975	0.07844	rs472287
11	134152030	0.4596	rs10791352
11	134152143	0.0508	rs75230921
11	134152210	0.1275	rs140860488
11	134152289	0.8649	rs579856
11	134152348	0.6952	rs4936224
11	134152425	0.1647	rs190274371
11	134152446	0.1288	rs186950497
11	134152493	0.4909	rs191325899
11	134153154	0.6017	rs183187328
11	134153209	0.2856	rs140107332
11	134153250	0.5819	rs117880051
11	134153418	0.6205	rs10894792
11	134153479	0.5988	rs138981320
11	134153518	0.8648	rs492383
11	134153721	0.3751	rs147078049
11	134153875	0.2607	rs376664806
11	134154387	0.7652	rs374022414
11	134154407	0.8047	rs521637
11	134154577	0.956	rs495732
11	134154582	0.5522	rs141428406
11	134154629	0.08537	11:134154629:C:A
11	134154788	0.02907	rs74680874
11	134154818	0.6307	11:134154818:CT:C
11	134155202	0.7039	rs78910050
11	134155240	0.8165	11:134155240:G:T
11	134155322	0.8892	rs192756600
11	134155418	0.7301	rs10894793
11	134155539	0.5256	rs2850255
11	134155714	0.7165	rs12278484
11	134155879	0.5069	rs2581883
11	134156395	0.3884	rs7123222
11	134156411	0.2269	11:134156411:TG:T
11	134156413	0.3139	11:134156413:T:A
11	134156436	0.1033	rs528385
11	134156453	0.8025	rs11223747
11	134156476	0.2343	rs182326686
11	134156544	0.2595	rs139930622
11	134156560	0.6798	rs11607462
11	134156658	0.6975	rs58159886
11	134156717	0.9986	rs34514053
11	134156820	0.8026	rs189869000
11	134156840	0.5808	rs183636109
11	134156851	0.8919	rs3928507
11	134156882	0.6405	11:134156882:G:A
11	134156907	0.6765	rs186053874
11	134156917	0.6263	11:134156917:T:C
11	134156973	0.8075	11:134156973:T:G
11	134157022	0.1418	rs188452910
11	134157035	0.6792	rs4936225
11	134157046	0.09963	rs182558526
11	134157073	0.6322	rs4936226
11	134157133	0.1317	rs191663622
11	134157227	0.4787	rs189375079
11	134157246	0.8583	rs193122874
11	134157264	0.4028	rs148823111
11	134157740	0.1718	11:134157740:A:<CN2>:134199113
11	134157749	0.6366	rs1144230
11	134157879	0.9679	11:134157879:A:C
11	134157985	0.532	rs188844865
11	134158458	0.6514	rs959046
11	134158681	0.3075	rs477832
11	134158745	0.7386	rs3824995
11	134158817	0.7438	rs10894794
11	134158957	0.07802	rs142575463
11	134158981	0.8977	rs146504313
11	134158997	0.753	rs190915191
11	134159051	0.8141	rs1146196
11	134159057	0.01332	rs138851010
11	134159076	0.5711	rs149347577
11	134159098	0.6446	11:134159098:GAA:G
11	134159213	0.9897	rs485752
11	134159345	0.2205	rs59246351
11	134159436	0.9582	rs187212220
11	134159467	0.7842	rs1146195
11	134159501	0.8056	rs1272233
11	134159539	0.8055	rs2846390
11	134159576	0.3481	11:134159576:A:G
11	134159760	0.988	rs187334082
11	134159791	0.2828	11:134159791:G:A
11	134159792	0.7587	rs67400031
11	134159933	0.9731	rs146035058
11	134160054	0.9888	rs521321
11	134160265	0.4744	rs201647056
11	134160327	0.8233	rs143429004
11	134160332	0.6847	rs1144229
11	134160433	0.5688	rs1144228
11	134160468	0.459	11:134160468:C:G
11	134160471	0.03132	rs539825
11	134160472	0.9278	11:134160472:C:G
11	134160776	0.3661	rs76144707
11	134160839	0.5364	rs542707
11	134161100	0.6863	rs1144227
11	134161378	0.3575	11:134161378:G:C
11	134161381	0.6444	rs576900
11	134161452	0.5308	rs570020
11	134161479	0.0455	rs570106
11	134161652	0.4084	rs1258844
11	134161716	0.3616	rs189254736
11	134161970	0.1938	rs151242228
11	134161999	0.5977	rs58651308
11	134162227	0.9937	11:134162227:G:A
11	134162412	0.6912	rs1144225
11	134162437	0.5408	rs546420
11	134162625	0.05206	rs544629
11	134162630	0.6909	rs1146194
11	134162644	0.6755	rs1144224
11	134162675	0.2737	rs371850239
11	134162744	0.1009	11:134162744:C:G
11	134162759	0.6911	rs1146193
11	134162866	0.6969	rs1144223
11	134162965	0.4128	11:134162965:C:T
11	134162974	0.05428	rs184673004
11	134163401	0.6938	rs1144222
11	134163529	0.768	11:134163529:G:A
11	134163591	0.9996	rs372865467
11	134163604	0.4072	11:134163604:A:G
11	134163623	0.6337	11:134163623:T:C
11	134163777	0.5237	rs512731
11	134163960	0.08146	rs11223749
11	134164046	0.8259	rs138123223
11	134164258	0.2598	rs142800051
11	134164307	0.05314	rs113823895
11	134164552	0.8068	rs473798
11	134164553	0.3164	rs1899113
11	134164617	0.1714	rs138781111
11	134164618	0.7755	rs1144221
11	134164712	0.5416	rs483244
11	134164985	0.5703	11:134164985:G:A
11	134165004	0.02072	rs180681524
11	134165116	0.1161	rs77345352
11	134165150	0.6484	rs185938950
11	134165541	0.92	rs191044108
11	134165773	0.2747	11:134165773:T:C
11	134166219	0.9981	11:134166219:A:G
11	134167038	0.9784	rs141665348
11	134167150	0.7935	11:134167150:C:A
11	134167225	0.3104	rs1258842
11	134167770	0.05413	11:134167770:A:AAG
11	134167792	0.8605	11:134167792:A:T
11	134167985	0.1786	rs147742232
11	134168268	0.7795	11:134168268:A:G
11	134168519	0.7239	rs1837566
11	134168806	0.7381	rs1595895
11	134168987	0.01645	rs149852140
11	134169163	0.6606	rs192611196
11	134169178	0.09189	rs117982292
11	134169194	0.7895	rs1146192
11	134169292	0.2085	rs145797857
11	134169501	0.4129	rs55783201
11	134169953	0.01264	rs144945843
11	134170225	0.03272	rs55746666
11	134170268	0.1707	rs138815180
11	134170295	0.05487	rs184770783
11	134170371	0.6987	11:134170371:C:T
11	134170375	0.8402	11:134170375:C:T
11	134170376	0.9655	rs544052
11	134170419	0.1617	rs192677421
11	134170430	0.6705	11:134170430:G:A
11	134170474	0.06475	rs544961
11	134170507	0.8576	rs138027562
11	134170518	0.4808	rs181925091
11	134170624	0.4719	11:134170624:A:G
11	134170851	0.8816	rs117392808
11	134170895	0.9889	rs138763205
11	134170925	0.2407	rs191566995
11	134170933	0.5738	rs142756016
11	134170935	0.3603	rs117723501
11	134171497	0.2549	rs4936229
11	134171805	0.2334	rs141274029
11	134171951	0.3592	rs193092911
11	134172031	0.1989	rs1144219
11	134172053	0.2316	rs183820720
11	134172216	0.342	rs60673246
11	134172319	0.6774	rs493499
11	134172621	0.09199	rs138398432
11	134172670	0.7064	rs495623
11	134172725	0.2277	rs371778783
11	134172994	0.6292	rs75360127
11	134173502	0.9389	rs182045911
11	134173746	0.4687	rs1893054
11	134174110	0.09166	rs75074762
11	134174232	0.5798	rs565713
11	134174238	0.7034	rs137889888
11	134174334	0.4906	rs10750558
11	134174364	0.7817	11:134174364:T:A
11	134174812	0.02208	11:134174812:A:T
11	134175010	0.471	rs199803256
11	134175328	0.6958	rs71038577
11	134175486	0.4954	rs10894796
11	134175917	0.06494	rs140445915
11	134176286	0.2517	rs187535450
11	134176636	0.8554	rs149994820
11	134176763	0.1213	rs145197829
11	134176785	0.3812	rs149098949
11	134177063	0.3892	11:134177063:G:A
11	134177110	0.5621	rs146203766
11	134177205	0.6378	rs12272129
11	134177275	0.1979	rs2510356
11	134177554	0.3733	rs145896366
11	134177744	0.7171	rs74914043
11	134178013	0.611	rs148185152
11	134178063	0.5869	rs1271646
11	134178394	0.08637	rs5795877
11	134178429	0.9648	11:134178429:C:T
11	134178447	0.4742	rs139193148
11	134178510	0.09924	rs7128443
11	134178959	0.07315	rs489131
11	134178997	0.6739	rs569316
11	134179321	0.2784	rs7924934
11	134179340	0.2956	rs373557610
11	134179366	0.2923	rs60843273
11	134179387	0.6961	rs493501
11	134179397	0.4083	rs573028
11	134179637	0.6887	rs369128716
11	134179686	0.547	rs78146715
11	134179859	0.7219	rs143088253
11	134179862	0.2258	rs148189870
11	134180402	0.8789	rs139039256
11	134180440	0.6185	rs113825217
11	134180594	0.1917	rs75363727
11	134180642	0.2102	rs151253568
11	134180695	0.1037	rs526507
11	134180739	0.8567	rs150864665
11	134180773	0.9452	rs548378
11	134180782	0.3344	11:134180782:T:C
11	134180874	0.2675	rs11223753
11	134180897	0.8447	rs192279829
11	134181091	0.8087	rs201335732
11	134181101	0.1831	rs1144218
11	134181337	0.1285	rs553231
11	134181383	0.3392	rs149579091
11	134181789	0.8709	11:134181789:G:A
11	134181801	0.5757	rs144666821
11	134181861	0.4099	11:134181861:T:G
11	134181891	0.512	11:134181891:A:G
11	134181897	0.0334	rs111455008
11	134181936	0.2747	rs374607027
11	134182135	0.1051	rs751719
11	134182151	0.8375	rs77429988
11	134182208	0.03887	11:134182208:C:A
11	134182311	0.02411	rs201221004
11	134182344	0.1423	rs145308175
11	134182357	0.4028	11:134182357:C:T
11	134182360	0.9403	rs192482533
11	134182375	0.3461	rs2509062
11	134182469	0.3146	rs184665641
11	134182583	0.06413	rs369227852
11	134182620	0.6696	rs188986794
11	134182634	0.8535	rs181342934
11	134182856	0.9414	rs1144216
11	134182970	0.2564	rs73604928
11	134183235	0.443	rs11223754
11	134183450	0.212	rs1144215
11	134183573	0.2641	rs140703888
11	134183850	0.3323	rs11606923
11	134184141	0.1733	rs1144214
11	134184159	0.2799	rs186049410
11	134184582	0.8905	rs185956687
11	134184715	0.5044	rs579409
11	134184752	0.02894	rs139183879
11	134185166	0.9649	11:134185166:A:G
11	134185247	0.3627	rs486360
11	134185832	0.5093	rs512958
11	134186137	0.1468	rs515699
11	134186523	0.0203	rs144171249
11	134186546	0.9648	11:134186546:A:G
11	134186806	0.2919	rs183278210
11	134187338	0.8023	rs140261562
11	134187444	0.5183	11:134187444:G:C
11	134187896	0.3798	rs574328
11	134188316	0.9587	rs369858261
11	134188408	0.1949	rs1144213
11	134188414	0.4427	rs578825
11	134188542	0.2176	rs481252
11	134188790	0.1239	11:134188790:T:A
11	134188851	0.4817	rs5795879
11	134188977	0.7289	11:134188977:C:A
11	134189127	0.1439	rs376014598
11	134189220	0.9314	11:134189220:A:G
11	134189286	0.1589	rs149189274
11	134189294	0.5199	rs143320536
11	134189305	0.8074	rs150057622
11	134189643	0.4686	rs556981
11	134190059	0.7419	rs80003954
11	134190346	0.2809	rs188941122
11	134190431	0.8636	rs117825742
11	134190529	0.4494	rs186922981
11	134190632	0.5312	rs58638015
11	134190636	0.8465	11:134190636:A:C
11	134190639	0.4372	11:134190639:A:C
11	134190846	0.7079	rs35244039
11	134190906	0.04091	rs146235807
11	134190996	0.6413	rs139323846
11	134191137	0.3873	rs191313202
11	134191266	0.8354	11:134191266:A:G
11	134191341	0.936	rs149032777
11	134191559	0.1022	rs183400028
11	134191585	0.1586	rs1146191
11	134191777	0.6216	rs201043087
11	134191812	0.1389	11:134191812:TAAAA:TAAAAA
11	134192256	0.1621	rs1146190
11	134192382	0.818	rs183581270
11	134192951	0.1171	rs188582265
11	134193290	0.7146	rs377000384
11	134193480	0.7686	11:134193480:A:AG
11	134193742	0.6052	rs512359
11	134193829	0.6211	rs568044
11	134193918	0.4014	rs76096035
11	134194080	0.3638	rs77685636
11	134194345	0.4117	rs68192549
11	134194750	0.623	rs576408
11	134194751	0.1383	11:134194751:TATAAC:T
11	134194937	0.4103	rs513412
11	134195121	0.1643	rs185541336
11	134195196	0.699	11:134195196:C:G
11	134195396	0.789	rs139324903
11	134195620	0.3954	rs139285275
11	134195636	0.809	rs191151241
11	134195725	0.4316	rs12362267
11	134195891	0.4408	rs117890629
11	134196063	0.7057	rs60477288
11	134196132	0.6013	rs11600362
11	134196279	0.3251	rs183022837
11	134196311	0.7048	rs11606054
11	134196321	0.7476	rs11606067
11	134196442	0.2891	rs1146189
11	134196629	0.2965	rs3133072
11	134196630	0.332	rs187175752
11	134196668	0.7822	rs183738065
11	134196784	0.7617	rs11223756
11	134196794	0.7815	11:134196794:C:T
11	134196849	0.3892	rs548465
11	134197377	0.6352	rs144904242
11	134197635	0.342	rs1146188
11	134197671	0.8769	rs185407323
11	134197771	0.2055	rs73604941
11	134198172	0.3306	rs530357
11	134198177	0.05711	11:134198177:A:AT
11	134198188	0.5478	rs116986186
11	134198447	0.2765	11:134198447:A:G
11	134198486	0.7945	rs11223757
11	134199116	0.7385	rs187308656
11	134199141	0.8177	rs117314533
11	134199366	0.01697	11:134199366:C:CT
11	134199545	0.1955	11:134199545:G:A
11	134199567	0.253	11:134199567:A:G
11	134199568	0.2532	11:134199568:C:G
11	134199670	0.9813	rs201079943
11	134199694	0.915	11:134199694:T:C
11	134199695	0.02236	11:134199695:G:A
11	134199753	0.02876	rs182429394
11	134199820	0.1894	rs150224080
11	134199915	0.5045	rs3133073
11	134200295	0.5785	chr11_134200295_C_T
11	134201200	0.2711	rs181335184
11	134201612	0.4198	rs3132808
11	134201695	0.7049	11:134201695:A:C
11	134201712	0.9545	11:134201712:G:C
11	134201716	0.9545	11:134201716:A:C
11	134201730	0.6805	11:134201730:GC:G
11	134201864	0.656	rs3098651
11	134202036	0.5716	rs7124693
11	134202272	0.3164	11:134202272:G:A
11	134202332	0.2231	rs115200910
11	134202592	0.8008	rs370351769
11	134202882	0.7918	rs182553038
11	134202899	0.4689	11:134202899:T:C
11	134202988	0.5565	rs75325314
11	134203357	0.4894	rs7950541
11	134203404	0.9638	rs7950754
11	134203440	0.8281	rs182992137
11	134203538	0.9282	rs1258854
11	134203588	0.6564	rs139032613
11	134203737	0.9766	rs1258853
11	134203748	0.9723	chr11_134203748_C_G
11	134203956	0.7249	rs145069329
11	134203974	0.2762	rs183267863
11	134204105	0.7067	rs10894798
11	134204640	0.4878	rs191979806
11	134204731	0.2841	rs76903908
11	134204766	0.2633	rs55932086
11	134204773	0.7019	11:134204773:C:G
11	134204988	0.6824	rs151287149
11	134205123	0.2298	rs11403985
11	134205123	0.835	rs11403985
11	134205663	0.8543	rs141086995
11	134205670	0.5108	rs116492744
11	134205993	0.5645	rs11223758
11	134206415	0.6982	rs56257797
11	134206649	0.6855	rs76391993
11	134206784	0.5418	rs181915338
11	134206797	0.7044	rs11223759
11	134207089	0.7341	rs7123380
11	134207499	0.6428	11:134207499:G:C
11	134208139	0.8702	rs7949029
11	134208465	0.3461	11:134208465:G:A
11	134208507	0.2643	11:134208507:C:T
11	134208723	0.7601	rs145818981
11	134208765	0.8279	rs11223760
11	134208908	0.7968	rs10894799
11	134209210	0.9699	rs144318645
11	134209256	0.4582	11:134209256:C:T
11	134209347	0.8236	rs10791354
11	134209429	0.6497	rs74325146
11	134209519	0.891	rs115748556
11	134209565	0.6388	rs117959046
11	134209802	0.893	rs78358510
11	134209846	0.04012	rs188279814
11	134209957	0.6428	rs71487002
11	134210046	0.434	rs117217571
11	134210182	0.9611	rs149073884
11	134210483	0.8348	rs9888274
11	134210529	0.4416	rs1258852
11	134210544	0.8199	rs11223761
11	134210545	0.4696	rs184603290
11	134210624	0.4008	rs189488960
11	134210661	0.8006	rs11223762
11	134210897	0.08776	rs150336987
11	134211276	0.8077	rs113782233
11	134211300	0.8468	rs1258851
11	134212084	0.5674	rs71489003
11	134212154	0.8229	11:134212154:A:G
11	134212862	0.3135	rs34168802
11	134213099	0.112	rs3802927
11	134213236	0.7362	rs148786919
11	134213384	0.04721	rs73028701
11	134213543	0.6299	rs71489004
11	134213580	0.2123	rs115162082
11	134213630	0.85	rs733091
11	134213828	0.7646	11:134213828:C:T
11	134213924	0.2353	rs190243329
11	134213994	0.4504	rs12419831
11	134214040	0.1876	rs146590970
11	134214374	0.6114	rs200004828
11	134214375	0.6113	rs370186550
11	134214380	0.987	rs111433290
11	134214407	0.1909	rs36018127
11	134214445	0.9029	rs2581881
11	134214488	0.5174	11:134214488:C:CCA
11	134214505	0.9876	rs142200643
11	134214509	0.1592	11:134214509:G:A
11	134214510	0.498	11:134214510:T:C
11	134214599	0.416	rs61908673
11	134214613	0.5075	11:134214613:TG:T
11	134214624	0.4236	rs28587140
11	134214625	0.4238	rs12286659
11	134214799	0.8589	rs367573039
11	134214820	0.4294	rs370361839
11	134214913	0.4475	rs12293707
11	134214974	0.6449	rs191414027
11	134215090	0.03987	rs75467288
11	134215185	0.2546	rs117843478
11	134215424	0.8732	rs7949292
11	134215468	0.8273	rs183283811
11	134215580	0.4759	rs183726433
11	134215944	0.7446	rs185407787
11	134216001	0.06927	11:134216001:G:A
11	134216182	0.04161	rs72653410
11	134216187	0.0002128	rs372615663
11	134216220	0.3666	11:134216220:C:T
11	134216244	0.9103	rs181912814
11	134216292	0.9544	rs56262016
11	134216327	0.6442	11:134216327:C:T
11	134216390	0.008268	rs117195816
11	134216616	0.9732	rs144858838
11	134216786	0.09637	rs75493803
11	134216865	0.3544	rs11223765
11	134217046	0.1706	rs146125818
11	134217057	0.3419	rs140051279
11	134217147	0.03448	rs117883178
11	134217210	0.1229	rs10894800
11	134217300	0.1541	rs138604285
11	134217377	0.7071	rs76941913
11	134217453	0.1221	chr11_134217453_A_G
11	134217456	0.3591	rs182422195
11	134217463	0.1395	rs73030608
11	134217464	0.7791	rs149951118
11	134217646	0.4391	rs116945585
11	134217884	0.01209	rs73604952
11	134217987	0.6202	rs10750560
11	134218162	0.8053	rs61026557
11	134218275	0.792	rs59278384
11	134218300	0.2534	chr11_134218300_C_T
11	134218355	0.4272	11:134218355:C:T
11	134218385	0.4685	11:134218385:C:T
11	134218386	0.5682	rs147825527
11	134218422	0.5104	rs187313316
11	134218844	0.7004	rs73604957
11	134218900	0.1252	rs78456660
11	134219031	0.03757	rs80131016
11	134219315	0.5858	rs141654023
11	134219495	0.7681	11:134219495:C:T
11	134219850	0.2865	rs78612862
11	134219995	0.3006	rs74959223
11	134220057	0.2631	rs78651735
11	134220580	0.02462	rs73604961
11	134220675	0.1018	rs77898355
11	134220710	0.2643	rs80229287
11	134220816	0.762	rs73030611
11	134220859	0.7884	chr11_134220859_A_T
11	134220980	0.1074	rs78782546
11	134221207	0.1032	rs79268578
11	134221245	0.9929	11:134221245:T:C
11	134221702	0.5932	11:134221702:C:CT
11	134221749	0.2371	rs200203926
11	134221847	0.9431	rs10791356
11	134222050	0.2553	rs188292517
11	134222333	0.1213	rs28759680
11	134222396	0.5587	rs186044220
11	134222543	0.1377	11:134222543:C:CTT
11	134222785	0.1168	11:134222785:G:A
11	134222792	0.6799	rs147248452
11	134222822	0.2348	rs182275207
11	134222859	0.03501	rs73604966
11	134222959	0.02984	rs117823578
11	134223302	0.6482	rs58937199
11	134223355	0.3886	rs79273268
11	134223476	0.05244	rs11223766
11	134223488	0.7112	rs113210721
11	134223552	0.7899	rs117520761
11	134223587	0.05441	11:134223587:A:G
11	134223618	0.3784	rs185663058
11	134223833	0.303	rs117840580
11	134223894	0.05245	rs59290979
11	134224329	0.8046	rs200478003
11	134224355	0.123	rs377259691
11	134224632	0.05971	rs7935721
11	134224651	0.01374	rs7935729
11	134224699	0.07329	rs7935733
11	134224857	0.4413	rs372970468
11	134224899	0.4993	rs6590738
11	134225456	0.69	rs73604976
11	134225692	0.8858	rs7940114
11	134225717	0.4796	rs371611571
11	134226053	0.07866	rs76255106
11	134226244	0.9959	rs61740182
11	134226251	0.9084	rs144969583
11	134226263	0.1145	11:134226263:C:T
11	134226264	0.7599	rs77130779
11	134226278	0.6775	rs3802928
11	134226291	0.05135	rs3802929
11	134226553	0.2157	rs184517095
11	134226854	0.8828	rs10683379
11	134226862	0.7086	rs78338710
11	134227180	0.5781	rs73604978
11	134227401	0.6589	rs7103356
11	134227413	0.3593	rs184464864
11	134227512	0.1833	rs138537055
11	134227575	0.06669	rs2884943
11	134227749	0.9665	rs2360226
11	134227768	0.6603	rs73604982
11	134227842	0.06282	rs148344535
11	134227993	0.9627	rs893948
11	134228175	0.7442	11:134228175:C:T
11	134228176	0.9302	rs138188089
11	134228182	0.06354	rs79841002
11	134228281	0.5375	rs59891316
11	134228297	0.963	rs143917163
11	134228429	0.6952	rs73604984
11	134228614	0.6572	rs11223768
11	134228705	0.06839	rs183149051
11	134229165	0.4885	rs113758502
11	134229310	0.5624	rs34834471
11	134229422	0.04932	rs190863436
11	134230433	0.0712	rs116216364
11	134230461	0.3268	rs57810849
11	134230470	0.3286	rs114575165
11	134230472	0.3656	rs57640823
11	134230523	0.3125	rs60335566
11	134230772	0.6836	rs192486972
11	134230833	0.02068	rs143740341
11	134230862	0.8669	11:134230862:A:G
11	134230969	0.5776	rs148146726
11	134230977	0.9353	rs143895855
11	134231061	0.7111	rs2119298
11	134231076	0.009301	rs188572545
11	134231317	0.4699	rs139961280
11	134231321	0.2789	11:134231321:C:G
11	134231323	0.05231	rs147281722
11	134231697	0.8042	rs76057745
11	134231739	0.1771	chr11_134231739_A_G
11	134231788	0.9862	11:134231788:T:C
11	134231823	0.8907	rs7932366
11	134232171	0.2341	11:134232171:C:T
11	134232231	0.1633	rs55659335
11	134232233	0.8251	rs148920652
11	134232353	0.1233	rs371254619
11	134232399	0.2211	rs79250858
11	134232591	0.9983	11:134232591:C:A
11	134233114	0.5715	rs35355076
11	134233123	0.3486	rs149542167
11	134233137	0.257	rs117706499
11	134233335	0.8514	rs139935904
11	134233614	0.04518	rs73589603
11	134233986	0.5008	rs181320542
11	134234081	0.6565	rs11601964
11	134234186	0.411	rs60460137
11	134234269	0.7047	rs114723326
11	134234406	0.9309	rs4262740
11	134234408	0.5006	rs7103363
11	134234452	0.4491	rs7103469
11	134234540	0.09511	rs200333553
11	134234701	0.3266	rs117857605
11	134234825	0.3891	rs76587930
11	134234835	0.0441	rs61908678
11	134235064	0.6938	rs7929933
11	134235110	0.04143	chr11_134235110_C_T
11	134235210	0.6935	rs7930099
11	134235220	0.8074	rs4936230
11	134235225	0.6934	rs7929776
11	134235392	0.7662	rs4937877
11	134235710	0.9326	rs4937878
11	134235738	0.4366	rs11603105
11	134235773	0.3679	rs183282763
11	134235865	0.4995	rs10894801
11	134235924	0.9307	rs4937879
11	134236215	0.4195	rs368592696
11	134236286	0.01965	11:134236286:C:T
11	134236361	0.4216	rs55914067
11	134236478	0.01448	rs150329460
11	134236711	0.6711	11:134236711:C:T
11	134236712	0.06432	rs183418336
11	134236749	0.8728	11:134236749:G:T
11	134236760	0.4593	rs11223771
11	134236816	0.6536	rs118170929
11	134236983	0.4349	11:134236983:C:T
11	134237037	0.606	rs114480519
11	134237113	0.8298	rs10791357
11	134237116	0.6275	rs139916553
11	134237122	0.6487	rs200411929
11	134237200	0.1056	rs117422861
11	134237247	0.7708	rs186554320
11	134237334	0.3388	rs139151063
11	134237436	0.01901	rs144876297
11	134237455	0.7877	rs142963760
11	134237491	0.2044	rs150918185
11	134237499	0.2311	rs117642318
11	134237597	0.3407	rs73030640
11	134237620	0.6288	rs2119297
11	134237806	0.8646	rs2884942
11	134237836	0.9074	rs146664631
11	134237842	0.5565	11:134237842:G:A
11	134237885	0.7761	rs147935592
11	134237888	0.9327	rs7127277
11	134237891	0.3573	rs79893499
11	134237910	0.2454	rs75186923
11	134237965	0.7372	11:134237965:C:T
11	134237969	0.8892	11:134237969:T:A
11	134238208	0.1392	rs190009245
11	134238224	0.8333	rs182191492
11	134238372	0.2746	rs3741101
11	134238389	0.7062	rs3741100
11	134238518	0.1205	rs78260611
11	134238518	0.2685	rs78260611
11	134238599	0.9752	rs35217320
11	134238995	0.2074	rs181188278
11	134239025	0.5846	11:134239025:C:A
11	134239165	0.99	rs7924640
11	134239760	0.9872	rs34063963
11	134239888	0.3246	rs80082975
11	134239944	0.859	rs75110218
11	134240119	0.9449	rs138825953
11	134240142	0.5723	rs10791358
11	134240319	0.3477	11:134240319:A:AGGTGAG
11	134240524	0.2909	rs3741099
11	134240679	0.7626	rs190181416
11	134240757	0.2369	rs60002415
11	134240803	0.158	rs61908682
11	134240829	0.0969	rs182403239
11	134241094	0.3498	rs4937880
11	134241190	0.926	11:134241190:G:A
11	134241300	0.2604	rs202132405
11	134241337	0.8779	rs191108994
11	134241623	0.6349	rs73589623
11	134241628	0.6915	11:134241628:GC:G
11	134241826	0.6322	rs74527899
11	134241982	0.9002	rs374792104
11	134242028	0.7729	rs117905229
11	134242128	0.7789	rs148209758
11	134242170	0.5591	rs188661366
11	134242285	0.4772	rs35436836
11	134242327	0.5387	rs11608146
11	134242359	0.6191	11:134242359:T:A
11	134242403	0.2678	11:134242403:C:A
11	134242530	0.3872	rs12808458
11	134242630	0.22	11:134242630:C:T
11	134242675	0.7067	rs181980210
11	134242725	0.1672	rs139491886
11	134242918	0.9745	rs79121792
11	134243046	0.3431	11:134243046:C:T
11	134243049	0.6224	rs10894802
11	134243254	0.4349	rs10894803
11	134243408	0.4558	rs78472963
11	134243447	0.2545	rs3741098
11	134243802	0.9251	11:134243802:G:A
11	134243901	0.0627	rs78491612
11	134244123	0.4154	rs3741097
11	134244166	0.8567	rs201413425
11	134244195	0.8561	rs200835788
11	134244228	0.8148	rs79378578
11	134244322	0.7095	rs893947
11	134244426	0.0892	rs876543
11	134244490	0.6233	rs200143727
11	134244623	0.2803	rs200300670
11	134244631	0.09361	rs876542
11	134244663	0.4928	rs149157884
11	134244705	0.8733	11:134244705:G:A
11	134245241	0.06561	11:134245241:AG:A
11	134245284	0.6216	rs9783402
11	134245383	0.971	rs76837097
11	134245979	0.9733	11:134245979:C:T
11	134246067	0.2479	rs78173727
11	134246072	0.9727	11:134246072:A:AC
11	134246076	0.4323	rs369619450
11	134246087	0.6297	rs114195039
11	134246157	0.63	rs149244260
11	134246482	0.06382	11:134246482:G:A
11	134246674	0.09579	rs61908683
11	134246900	0.09178	rs7112912
11	134246938	0.3024	rs56112441
11	134247187	0.4688	rs7113199
11	134247252	0.5883	11:134247252:C:T
11	134247315	0.4953	rs11223774
11	134247450	0.8884	rs187524035
11	134247587	0.7288	rs78214239
11	134247728	0.3188	rs12363198
11	134247772	0.871	11:134247772:C:G
11	134247825	0.3815	rs375483079
11	134247842	0.2804	rs10894804
11	134247894	0.7874	11:134247894:C:T
11	134247895	0.2196	rs11223775
11	134248018	0.59	rs184493156
11	134248055	0.1711	rs10894805
11	134248069	0.8484	rs188805822
11	134248081	0.2833	rs11223776
11	134248142	0.1281	rs147142161
11	134248156	0.9013	rs11826777
11	134248223	0.6871	rs189027001
11	134248680	0.2164	rs140115869
11	134248994	0.003039	rs117400758
11	134249178	0.1531	rs186085326
11	134249321	0.4492	rs893953
11	134249322	0.7597	rs58447122
11	134249349	0.658	rs893952
11	134249550	0.1482	rs78977082
11	134249606	0.03267	rs1045721
11	134249675	0.03637	11:134249675:A:ACCTTGCCCACCACCCACCG
11	134249675	0.01874	11:134249675:A:G
11	134249849	0.1112	rs146831053
11	134250007	0.9305	11:134250007:C:T
11	134250066	0.6971	rs191540514
11	134250116	0.4592	rs182859330
11	134250149	0.5998	rs144181695
11	134250818	0.06924	rs4937881
11	134250840	0.06393	rs56111637
11	134250858	0.8624	rs149102494
11	134250865	0.9124	rs143202920
11	134250892	0.1475	11:134250892:C:T
11	134251252	0.07223	rs7951640
11	134251344	0.6199	rs141383085
11	134251359	0.4967	rs183125333
11	134251493	0.06721	rs61533638
11	134251499	0.5993	rs3824990
11	134251594	0.02292	rs61908686
11	134251777	0.7186	rs729687
11	134251804	0.09409	rs201593909
11	134252030	0.01645	rs117247957
11	134252040	0.5654	rs137966769
11	134252121	0.02575	rs61908687
11	134252200	0.8697	rs3065400
11	134252200	0.6148	rs3065400
11	134252219	0.1726	rs75040367
11	134252256	0.07422	rs2076801
11	134252271	0.5781	rs56284733
11	134252303	0.9715	rs3065378
11	134252421	0.1635	rs116345317
11	134252504	0.3747	rs145736695
11	134252601	0.9693	rs200357434
11	134252745	0.7294	11:134252745:G:C
11	134252906	0.8547	rs59870791
11	134253229	0.03785	rs7108927
11	134253356	0.7496	11:134253356:T:C
11	134253556	0.1796	rs372556042
11	134254361	0.6357	rs185222163
11	134254406	0.7877	rs148770380
11	134254424	0.2013	rs117205229
11	134254796	0.33	rs12806537
11	134254839	0.1921	rs10894806
11	134254945	0.2074	11:134254945:C:A
11	134255086	0.6472	11:134255086:G:A
11	134255189	0.5861	rs61908689
11	134255235	0.8751	11:134255235:C:T
11	134255244	0.1727	rs10791359
11	134255325	0.986	rs11223777
11	134255357	0.9565	rs139572700
11	134255390	0.5968	rs12416903
11	134255398	0.2444	rs144318958
11	134255464	0.3733	rs10894807
11	134255680	0.9006	11:134255680:G:A
11	134255755	0.8535	rs145666428
11	134255979	0.3431	rs75219147
11	134256317	0.6165	rs56152285
11	134256366	0.7593	rs145184495
11	134256408	0.5208	11:134256408:AGAGCCAGGGGAAAG:A
11	134256781	0.8611	rs11223778
11	134256805	2.883e-06	chr11_134256805_C_T
11	134257020	0.6087	rs117915799
11	134257078	0.2748	rs78488408
11	134257487	0.9232	exm972279
11	134257617	0.1609	rs140143910
11	134257766	0.001955	rs77862725
11	134258243	0.2393	rs189697515
11	134258310	0.3447	11:134258310:C:G
11	134258416	0.08042	rs893951
11	134258500	0.5857	11:134258500:A:G
11	134258555	0.3908	rs146355800
11	134258698	0.1907	rs376956050
11	134258732	0.6278	rs117717831
11	134259511	0.8282	11:134259511:G:A
11	134259558	0.513	rs11600729
11	134259563	0.008214	rs59803683
11	134259626	0.6773	rs76291070
11	134259889	0.9597	11:134259889:C:T
11	134259932	0.5721	rs183587001
11	134259982	4.3e-07	11:134259982:T:G
11	134259983	4.301e-07	11:134259983:T:A
11	134259987	7.208e-07	rs115823542
11	134260026	0.6287	rs11825461
11	134260069	0.1719	rs11825422
11	134260178	0.281	rs11820747
11	134260341	0.05144	rs186688600
11	134260356	0.8813	11:134260356:G:A
11	134260394	0.3403	rs76810643
11	134260728	0.9922	11:134260728:G:A
11	134260823	0.6729	11:134260823:T:TCTGCAATGG
11	134260842	0.9341	11:134260842:C:T
11	134260889	0.2312	rs10894809
11	134260912	0.7285	rs7936835
11	134261131	0.5068	rs188912710
11	134261150	4.973e-07	rs11223780
11	134261223	0.1423	rs78166275
11	134261236	0.7131	rs371731670
11	134261396	0.2257	rs11223781
11	134261521	0.08689	11:134261521:C:T
11	134261552	0.9357	11:134261552:G:T
11	134261567	0.09194	rs111892070
11	134261576	0.5768	rs137895654
11	134261592	0.7488	rs140699902
11	134261912	0.8854	rs183972141
11	134261994	0.1214	rs145910404
11	134262068	0.4888	rs186035125
11	134262154	5.534e-07	rs77954628
11	134262178	0.05531	rs200685023
11	134262186	0.9991	rs373353416
11	134262338	7.894e-05	rs893950
11	134262438	0.4528	rs61908690
11	134262533	0.6542	rs113202812
11	134262568	0.09942	rs80036658
11	134262599	0.8429	rs7103855
11	134262836	0.1667	11:134262836:G:A
11	134262938	0.1652	rs200380518
11	134262975	0.1084	rs117593140
11	134263686	0.7256	rs73032534
11	134263725	0.3782	rs372511818
11	134263728	9.716e-08	rs79256507
11	134263734	9.722e-08	rs80021729
11	134263736	0.2702	rs75958657
11	134263981	0.4827	rs138636459
11	134264142	3.509e-07	rs58475265
11	134264184	0.9006	rs151196552
11	134264213	3.079e-07	rs74639401
11	134264227	3.185e-07	rs74622686
11	134264255	4.845e-07	rs60337613
11	134264354	0.1936	rs182680952
11	134264491	0.6004	rs78212286
11	134264506	1.674e-07	rs75373472
11	134264529	2.549e-07	rs111711955
11	134264596	1.492e-07	rs77478906
11	134264729	2.197e-07	rs78975867
11	134264957	0.1401	rs71489005
11	134265091	1.208e-07	rs138696773
11	134265094	0.1946	rs193113449
11	134265109	0.3418	rs116715560
11	134265113	0.7699	11:134265113:T:G
11	134265121	1.213e-07	rs79449985
11	134265163	0.2964	rs183886878
11	134265173	1.356e-07	rs77897340
11	134265236	1.37e-07	rs75842822
11	134265254	1.853e-07	rs2360225
11	134265315	1.357e-07	rs877456
11	134265537	0.4084	rs877457
11	134265549	0.6493	rs145889641
11	134265696	0.9483	rs184442091
11	134265723	2.118e-07	rs55751035
11	134265785	0.9474	11:134265785:G:A
11	134265789	0.06911	rs74321614
11	134265858	0.1075	rs149218481
11	134265920	0.6687	rs182164715
11	134265962	0.1727	rs75898877
11	134265967	6.043e-08	rs7928758
11	134266135	0.7962	rs148354644
11	134266372	4.773e-08	rs878987
11	134266518	0.3604	rs5795883
11	134266589	0.9713	11:134266589:C:T
11	134266795	0.1449	rs746430
11	134266908	0.572	rs79891796
11	134267004	0.4718	rs61908691
11	134267045	0.9874	rs185985047
11	134267053	0.4915	rs367987479
11	134267092	1.895e-07	rs75474440
11	134267093	1.412e-06	rs746431
11	134267277	0.1411	rs77110747
11	134267281	0.06819	11:134267281:C:T
11	134267285	0.8488	rs117909688
11	134267291	0.1356	rs148478264
11	134267428	0.1419	rs114206447
11	134267545	0.4176	rs372462910
11	134267547	0.4405	rs117494618
11	134267726	0.408	rs116808529
11	134268110	1.835e-07	rs76369658
11	134268318	0.5926	rs146465466
11	134268411	0.01209	rs2165313
11	134268453	1.31e-07	rs11820880
11	134268587	0.7554	11:134268587:C:T
11	134268634	2.264e-07	rs7929612
11	134269091	1.93e-07	rs7948031
11	134269092	0.4377	rs117426441
11	134269120	1.855e-07	rs78642342
11	134269333	0.4738	rs181791818
11	134269486	0.1894	rs141079394
11	134269637	6.527e-05	chr11_134269637_C_T
11	134269638	0.8669	rs150279704
11	134269646	0.692	rs145802793
11	134269772	1.056e-07	rs75190711
11	134270003	2.765e-07	rs79416046
11	134270068	0.1245	11:134270068:C:T
11	134270070	1.676e-07	rs11823810
11	134270334	0.3874	rs114265866
11	134270509	0.3906	rs116411371
11	134270547	0.8891	rs143917245
11	134270635	0.05599	rs372310243
11	134270721	2.807e-07	rs34702205
11	134270863	0.3022	rs187550054
11	134270955	1.672e-07	rs56007027
11	134271022	0.416	rs141335017
11	134271023	0.1097	11:134271023:G:A
11	134271507	0.9849	rs192635586
11	134271645	2.413e-07	rs11822913
11	134271646	0.6397	rs115520674
11	134271665	0.8345	rs11600529
11	134271771	2.793e-07	rs11822935
11	134271805	2.822e-07	rs11825120
11	134271827	0.8291	rs369338647
11	134271873	0.6068	rs144295426
11	134271893	1.858e-07	rs117735303
11	134271988	0.3059	11:134271988:G:A
11	134272144	1.607e-07	rs76956658
11	134272317	0.5528	rs184518605
11	134272451	2.788e-07	rs7945585
11	134272764	0.3114	11:134272764:G:A
11	134272805	2.722e-07	rs369098095
11	134273008	0.1148	11:134273008:A:G
11	134273033	0.4348	rs116378487
11	134273044	0.7644	rs151336819
11	134273279	0.4404	rs76783641
11	134273304	8.27e-08	rs11826381
11	134273559	1.874e-06	rs10894810
11	134273773	0.8324	rs11223783
11	134273866	4.254e-07	11:134273866:AGTT:A
11	134273870	4.257e-07	11:134273870:TC:T
11	134273877	0.07656	11:134273877:T:TTTATATATATATA
11	134273878	0.1173	rs188136902
11	134273901	0.1222	11:134273901:A:T
11	134273902	0.1965	11:134273902:T:C
11	134273904	0.5682	11:134273904:T:C
11	134273925	0.4072	11:134273925:T:A
11	134273933	0.7564	rs142398909
11	134274005	0.7508	rs11821812
11	134274006	2.717e-06	rs113604010
11	134274011	2.717e-06	rs11821814
11	134274169	0.8099	rs113382185
11	134274353	0.8274	11:134274353:T:A
11	134274378	0.08524	11:134274378:C:T
11	134274477	0.4602	rs375922374
11	134274550	0.8235	rs78033321
11	134274575	0.7723	rs11602310
11	134274676	2.161e-06	rs1866769
11	134274710	2.326e-06	rs1866768
11	134274763	1.234e-06	rs1866767
11	134274780	0.4907	rs142682058
11	134274873	0.8994	11:134274873:T:C
11	134274995	0.4538	rs186663798
11	134275023	0.5321	rs141612007
11	134275453	0.5018	rs11823028
11	134275569	0.8178	rs76322300
11	134275636	1.727e-07	rs35370161
11	134275682	0.1655	rs150758019
11	134275744	0.4449	rs139028404
11	134275746	0.7683	rs1078938
11	134275788	0.305	11:134275788:C:T
11	134275798	0.5277	11:134275798:C:G
11	134275841	0.7009	rs189186574
11	134275856	0.5914	11:134275856:C:T
11	134275922	0.7978	rs11223784
11	134275985	0.1579	11:134275985:C:T
11	134275986	2.507e-06	rs11223785
11	134276061	0.4517	rs61908692
11	134276090	0.9413	11:134276090:A:T
11	134276142	1.957e-06	rs7932600
11	134276302	1.756e-06	rs56766695
11	134276329	0.1975	rs185380024
11	134276439	0.6631	11:134276439:T:G
11	134276864	0.1286	rs11223786
11	134276970	4.951e-07	rs56387937
11	134277040	0.1966	rs151263062
11	134277105	0.9887	rs189860259
11	134277210	0.2682	rs79007808
11	134277660	0.1559	rs76980200
11	134277750	8.127e-08	rs75184941
11	134277815	0.6034	rs114941701
11	134277866	9.259e-08	rs145508957
11	134277978	2.708e-07	rs11223787
11	134278010	7.944e-08	rs113328990
11	134278570	3.653e-05	11:134278570:G:C
11	134279120	0.5648	rs147338919
11	134279127	0.8316	rs141030320
11	134279128	0.08673	rs149812084
11	134279162	0.9463	rs117730848
11	134279191	0.07613	rs145823398
11	134279352	7.461e-08	rs11824649
11	134279412	0.491	11:134279412:C:A
11	134279441	0.2537	chr11_134279441_A_G
11	134279591	0.592	rs11822210
11	134279882	8.131e-08	rs56134226
11	134279930	0.6675	rs187006102
11	134279988	0.8563	rs190314322
11	134280067	7.988e-08	rs56330625
11	134280126	8e-08	rs55986667
11	134280291	0.4882	rs61908710
11	134280503	1.227e-07	rs28378882
11	134280504	1.227e-07	rs28625034
11	134280521	1.182e-07	rs28402124
11	134280697	0.9437	rs144872481
11	134280766	2.798e-07	rs7108503
11	134280860	2.962e-07	rs7108756
11	134280905	0.9005	rs146744298
11	134281002	0.785	rs117922338
11	134281220	0.4895	rs7109198
11	134281238	0.9587	rs143095342
11	134281329	0.59	rs7109543
11	134281332	2.06e-07	rs78760579
11	134281448	0.8137	11:134281448:C:G
11	134281557	0.9651	11:134281557:G:T
11	134281659	0.1333	11:134281659:T:TG
11	134281811	0.08476	11:134281811:C:T
11	134281878	0.9822	11:134281878:C:CGCCCGCCCGCCCGCA
11	134282290	0.02707	11:134282290:AC:A
11	134282292	0.5129	11:134282292:C:T
11	134282496	0.3656	rs138658921
11	134282729	6.076e-07	rs11223791
11	134282730	0.09321	rs192339929
11	134282932	0.9889	rs7939238
11	134282939	0.843	rs7939439
11	134283038	0.01892	11:134283038:C:G
11	134283560	0.1928	rs74851810
11	134284125	0.7695	11:134284125:T:G
11	134284543	0.4124	rs116881269
11	134284569	0.4416	rs139373154
11	134284692	0.1843	rs150008454
11	134284931	0.8709	rs75354489
11	134284998	0.8541	rs189277206
11	134284999	0.8541	rs74612991
11	134285054	0.3538	rs140082711
11	134285093	0.05608	rs75025590
11	134285135	0.3792	rs185773850
11	134285375	0.02774	rs75312852
11	134285376	0.3619	rs186129027
11	134285414	0.2164	rs57755918
11	134285721	0.196	rs146793790
11	134285763	0.3706	rs376830152
11	134285841	0.4182	rs182850673
11	134285851	0.2609	rs76511042
11	134285953	0.0934	rs77230332
11	134286189	0.3346	rs140855827
11	134286195	0.4561	rs118093188
11	134286248	0.7485	rs145864071
11	134286295	0.2073	rs75391534
11	134286513	0.4365	rs77416809
11	134286609	2.415e-06	rs78751202
11	134286829	0.1804	rs115358350
11	134286859	0.02442	rs78372629
11	134286939	0.04692	rs74624785
11	134287130	0.04758	rs115693066
11	134287161	0.04823	rs78321440
11	134287206	0.8451	rs184560340
11	134287298	0.04752	rs114643775
11	134287363	0.07391	11:134287363:C:A
11	134287371	0.8542	rs192474195
11	134287396	2.554e-07	rs11223794
11	134287700	0.2138	11:134287700:A:G
11	134287848	0.04759	rs75964412
11	134287926	0.1719	rs77903981
11	134287986	0.04768	rs76357811
11	134288356	0.5357	rs186534129
11	134288451	0.04782	rs75179193
11	134288507	0.04742	rs77513169
11	134288548	0.04776	rs74905937
11	134288604	0.7715	11:134288604:C:T
11	134289095	0.04798	rs77567768
11	134289097	0.9601	rs149957137
11	134289195	0.04801	rs80019091
11	134289196	0.04801	rs75763034
11	134289393	0.04807	rs75489569
11	134289452	0.04809	rs79448119
11	134289539	0.04812	rs114935428
11	134289558	0.04812	rs116625946
11	134289626	0.04805	rs80250181
11	134289746	0.02497	rs77320703
11	134289831	0.04819	rs78051451
11	134289984	0.0482	rs114128017
11	134290032	0.03041	rs1440480
11	134290226	0.04487	rs115819612
11	134290576	0.05323	rs139710871
11	134290631	0.04822	rs116220896
11	134290858	0.09957	rs146964659
11	134290874	0.5305	rs192863957
11	134290901	0.0482	rs75206735
11	134291015	0.05359	rs7950161
11	134291075	0.8287	rs118186995
11	134291164	0.9	rs78953519
11	134291178	0.04811	rs7950509
11	134291204	0.04815	rs7937105
11	134291394	0.04796	rs7950651
11	134291559	0.7865	11:134291559:G:A
11	134291637	0.6232	11:134291637:C:G
11	134291737	0.04813	rs116533830
11	134291784	0.04816	rs116010421
11	134291810	0.04811	rs116315535
11	134292042	0.04803	rs115567362
11	134292048	0.04893	rs115535116
11	134292059	0.04815	rs114478866
11	134292282	0.04798	rs115043373
11	134292338	0.04806	rs114930714
11	134292599	0.0488	rs116624615
11	134292642	0.04804	rs75242015
11	134292704	0.008742	rs1007658
11	134292735	0.03014	rs148505993
11	134292765	3.994e-06	rs55646072
11	134292819	3.961e-06	rs56129946
11	134292854	0.04835	rs77095918
11	134293098	0.05778	rs115944529
11	134293103	0.7163	rs117888273
11	134293234	0.05619	rs76218250
11	134293277	0.8328	11:134293277:C:T
11	134293436	0.05635	rs75155778
11	134293443	0.5808	rs4937883
11	134293453	0.7779	rs139603043
11	134293610	4.37e-06	rs77867811
11	134293682	0.6548	rs79423285
11	134293691	0.641	rs147817718
11	134293824	0.06372	rs77482429
11	134294063	0.06286	rs111801796
11	134294117	0.6329	rs180867727
11	134294129	0.06255	rs2165312
11	134294286	0.5637	rs79604026
11	134294317	0.9836	rs192211252
11	134294324	0.1202	11:134294324:C:T
11	134294477	0.8169	rs116864079
11	134294557	0.508	rs12421953
11	134294571	3.601e-05	rs1561613
11	134294638	0.1531	rs148198139
11	134294730	3.02e-06	rs2119299
11	134294754	0.03821	rs113239695
11	134294813	8.999e-06	chr11_134294813_A_G
11	134294827	0.06459	rs35445016
11	134294831	0.2633	rs145179136
11	134294861	0.04653	rs117707859
11	134295113	0.4143	rs79356686
11	134295219	0.6064	rs77788507
11	134295256	0.3516	rs142189358
11	134295412	0.06289	11:134295412:C:T
11	134295458	0.08787	rs7938670
11	134295518	0.6922	rs12221557
11	134295633	0.6452	11:134295633:T:G
11	134295774	0.4872	rs78752425
11	134295943	0.08803	rs7941825
11	134296363	0.2916	rs78658268
11	134296384	0.01824	rs893949
11	134296527	0.3307	rs147441707
11	134296542	0.9905	chr11_134296542_A_G
11	134296551	0.3702	rs75043683
11	134296641	0.05901	rs733856
11	134296868	0.2343	11:134296868:G:A
11	134296945	0.5937	rs4340067
11	134297061	0.5891	rs11223797
11	134297110	0.05203	rs4937884
11	134297167	0.7734	rs193232526
11	134297345	0.04227	rs10750561
11	134297382	0.2601	rs145186297
11	134297499	0.7862	rs150989770
11	134297514	0.7335	rs139498401
11	134297523	0.2503	11:134297523:C:A
11	134297598	0.1573	11:134297598:G:GGGTCCTGCTGGGCGAGGCAGGACT
11	134297607	0.7465	rs77265622
11	134297678	0.1253	rs10894811
11	134297718	0.9418	rs113879779
11	134297743	0.579	rs140261376
11	134297779	0.09443	rs76677120
11	134297878	0.4876	rs75801524
11	134298240	0.3404	rs117649537
11	134298308	0.9993	11:134298308:T:C
11	134298318	0.3116	rs7106392
11	134298326	0.5308	11:134298326:C:T
11	134298554	0.9335	11:134298554:G:A
11	134298555	0.1071	11:134298555:CCCCTCCTGCTCCCTCCTGCT:C
11	134298555	0.5572	11:134298555:CCCCTCCTGCTCCCTCCTGCT:CCCCTCCTGCT
11	134298745	0.4001	rs184334000
11	134298990	0.4063	rs7932638
11	134299218	0.1149	rs148148896
11	134299330	0.5277	rs12099116
11	134299444	0.6642	11:134299444:T:G
11	134299606	0.7475	rs1561612
11	134299768	0.8593	11:134299768:G:T
11	134299816	0.2144	rs73589667
11	134299852	0.8743	rs146424317
11	134299864	0.9054	rs920481
11	134299908	0.5102	rs76323259
11	134299945	0.9552	rs920480
11	134299948	0.5296	rs12281210
11	134299961	0.4582	rs12294512
11	134300095	0.4751	rs57562569
11	134300102	0.4748	rs59406253
11	134300185	0.7312	rs117145806
11	134300267	0.7816	rs10219279
11	134300357	0.3551	rs117366878
11	134300415	0.7776	rs7937081
11	134300559	0.3149	rs10219432
11	134300644	0.315	rs7937326
11	134300773	0.7311	11:134300773:A:C
11	134300911	0.02651	rs188756882
11	134300921	0.3068	rs2884941
11	134300966	0.3068	rs5795884
11	134301136	0.3126	rs1561611
11	134301332	0.0206	rs11223798
11	134301352	0.2276	rs78365398
11	134301403	0.7078	rs1561610
11	134301440	0.2928	rs5795885
11	134301569	0.3069	rs1975391
11	134301573	0.09819	rs373777731
11	134301676	0.7059	rs75629659
11	134301693	0.8655	rs11223799
11	134301859	0.1035	rs143957668
11	134301899	0.1927	rs10791360
11	134302141	0.3071	rs4936231
11	134302148	0.1791	rs11223800
11	134302477	0.3124	rs4937885
11	134302584	0.5745	11:134302584:C:G
11	134302678	0.2373	rs185782458
11	134302845	0.2509	rs10750562
11	134303058	0.2362	rs10791361
11	134303121	0.5825	rs10894812
11	134303257	0.1813	rs75111533
11	134303306	0.237	rs7949167
11	134303349	0.1036	rs149202284
11	134303404	0.4068	rs80248030
11	134303405	0.293	rs6590740
11	134303426	0.293	rs7935849
11	134303433	0.1217	11:134303433:G:T
11	134303586	0.3074	rs4937886
11	134303682	0.3075	rs4937887
11	134303701	0.3075	rs4937888
11	134303787	0.1037	rs143346354
11	134303908	0.2826	rs4937889
11	134303954	0.7031	11:134303954:G:A
11	134304056	0.1636	rs11223801
11	134304198	0.04451	rs191807478
11	134304383	0.8997	rs150601469
11	134304554	0.2375	rs117364006
11	134304632	0.3766	rs77627888
11	134304715	0.3075	rs7925223
11	134304752	0.3076	rs7928112
11	134304984	0.1636	rs11223802
11	134305035	0.1831	rs11223803
11	134305110	0.2253	rs10791362
11	134305132	0.4481	rs145932275
11	134305181	0.2931	rs10750563
11	134305196	0.2933	rs10736613
11	134305514	0.3203	rs10750564
11	134305515	0.6449	rs189445926
11	134305531	0.3204	rs10750565
11	134305560	0.3208	rs10750566
11	134305566	0.3208	rs10750567
11	134305647	0.1617	11:134305647:G:<INS:ME:LINE1>:134305941
11	134305754	0.4223	rs10791363
11	134305755	0.1083	rs181792213
11	134305784	0.1087	rs188784670
11	134305855	0.6283	rs10750568
11	134306005	0.3641	11:134306005:C:T
11	134306037	0.09356	rs79030427
11	134306221	0.0138	rs11223804
11	134306298	0.667	rs372606950
11	134306423	0.6686	rs80212285
11	134306635	0.3429	rs78376697
11	134306727	0.4088	rs7933196
11	134306872	0.7273	rs75840347
11	134306902	0.5166	rs147934215
11	134306917	0.1626	rs11223805
11	134306927	0.06577	rs112631011
11	134306962	0.165	rs12221686
11	134307016	0.8713	rs183232810
11	134307270	0.1266	rs149149396
11	134307326	0.1274	11:134307326:C:T
11	134307327	0.3251	rs4536235
11	134307327	0.7171	rs4536235
11	134307360	0.3562	rs186099540
11	134307411	0.345	rs148261508
11	134307482	0.2884	rs59472243
11	134307671	0.6125	rs192645344
11	134307716	0.9313	rs4245129
11	134307752	0.1978	rs11223806
11	134307770	0.3828	rs4245130
11	134307974	0.02213	rs80056794
11	134308031	0.5816	rs4245131
11	134308161	0.106	rs11223807
11	134308169	0.2501	rs4937890
11	134308266	0.5101	rs373956678
11	134308284	0.1494	rs146237642
11	134308518	0.3278	rs193187775
11	134308569	0.8646	rs11223808
11	134308578	0.01661	rs142451127
11	134308678	0.7607	rs10894813
11	134308683	0.624	rs201472884
11	134308684	0.6425	rs56052643
11	134308718	0.1546	11:134308718:G:T
11	134308729	0.6114	rs56323805
11	134308765	0.7367	rs10894814
11	134308781	0.317	rs189932485
11	134308907	0.9167	rs10791364
11	134308917	0.5141	rs185339958
11	134308919	0.9577	rs7484072
11	134309155	0.7749	rs4643092
11	134309204	0.7828	rs4606493
11	134309239	0.8065	rs139520105
11	134309304	0.821	rs4575291
11	134309317	0.8169	rs4460830
11	134309454	0.8515	rs4575292
11	134309578	0.0003307	rs144961178
11	134309625	0.8192	rs10894815
11	134309805	0.8331	rs11223809
11	134309991	0.8326	rs55917458
11	134310000	0.6521	rs56126629
11	134310100	0.9263	11:134310100:CCACT:C
11	134310140	0.4698	11:134310140:CCACT:C
11	134310169	0.8212	rs61908755
11	134310170	0.9964	rs61908756
11	134310202	0.2004	rs191472370
11	134310203	0.2004	11:134310203:T:C
11	134310340	0.05685	11:134310340:C:T
11	134310382	0.3209	rs373915478
11	134310555	0.9786	11:134310555:C:T
11	134310556	0.9786	rs4611219
11	134310801	0.6343	rs4264165
11	134311153	0.5154	rs140163638
11	134311371	0.8059	rs373118399
11	134311466	0.9704	rs149795262
11	134311550	0.7931	rs192917271
11	134311604	0.1516	rs11223810
11	134311694	0.2057	rs79663880
11	134311772	0.7912	rs75992462
11	134311788	0.1318	rs142012449
11	134311804	0.2154	rs11223811
11	134311979	0.4298	rs10732874
11	134311997	0.8806	11:134311997:G:A
11	134312019	0.3839	rs10750569
11	134312233	0.3706	rs10542292
11	134312341	0.3111	rs7935549
11	134312443	0.7048	rs7950809
11	134312488	0.5372	rs7935790
11	134312733	0.9841	rs11223812
11	134312742	0.7456	rs11223813
11	134312775	0.7556	rs11223814
11	134312813	0.6692	11:134312813:G:C
11	134312923	0.4515	rs142234970
11	134313146	0.4023	rs11223815
11	134313263	0.4901	rs150352832
11	134313321	0.6594	11:134313321:G:A
11	134313375	0.395	rs137959293
11	134313528	0.1855	rs145732937
11	134313681	0.3092	rs12576256
11	134313824	0.6446	11:134313824:T:C
11	134313992	0.4713	rs59381642
11	134314165	0.7908	rs190013963
11	134314239	0.4587	11:134314239:C:T
11	134314257	0.7523	11:134314257:G:A
11	134314389	0.4388	rs111300087
11	134314436	0.4398	11:134314436:C:T
11	134314484	0.2299	rs11827920
11	134314576	0.7158	rs139584786
11	134314730	0.8149	rs189038987
11	134315156	0.9344	11:134315156:A:G
11	134315229	0.8317	rs12802834
11	134315244	0.3164	rs10894817
11	134315273	0.5704	rs12287744
11	134315401	0.4902	11:134315401:C:T
11	134315499	0.4883	rs11223816
11	134315524	0.2024	rs183853760
11	134315610	0.6217	rs182417774
11	134315972	0.303	11:134315972:G:A
11	134316097	0.3656	rs35296968
11	134316187	0.06173	rs12225170
11	134316222	0.3568	rs10894818
11	134316231	0.7632	rs55888805
11	134316246	0.1593	rs150034967
11	134316457	0.5493	11:134316457:A:G
11	134316490	0.2814	rs140048042
11	134316496	0.2509	rs11440397
11	134316532	0.3161	rs7938546
11	134316534	0.1483	rs150297471
11	134316562	0.2358	11:134316562:C:T
11	134316579	0.007048	rs181046500
11	134316587	0.2983	rs11223817
11	134316603	0.7746	rs186096491
11	134316781	0.1423	rs112102129
11	134317177	0.3003	rs72260814
11	134317228	0.9238	rs7934317
11	134317377	0.3378	rs4390362
11	134317472	0.05295	rs183992250
11	134317899	0.448	rs201942443
11	134317959	0.537	rs142249028
11	134318228	0.1509	rs11223819
11	134318456	0.2143	rs189779415
11	134318482	0.08523	rs11223820
11	134318643	0.4795	rs180990011
11	134318889	0.7773	11:134318889:C:T
11	134318913	0.2059	rs56194618
11	134319096	0.4172	rs183248584
11	134319582	0.1556	rs10128718
11	134319648	0.2067	rs35736094
11	134319718	0.2495	rs10128652
11	134319838	0.05078	rs35624240
11	134320204	0.4871	rs116972688
11	134320343	0.08142	rs35419292
11	134320514	0.04476	rs182625411
11	134320624	0.9297	rs117207029
11	134320684	0.9503	11:134320684:GAC:G
11	134320806	0.1988	rs12420368
11	134320868	0.4937	rs184868498
11	134320883	0.8119	rs12421875
11	134321147	0.8323	11:134321147:T:TG
11	134321405	0.4211	11:134321405:A:G
11	134321408	0.4212	11:134321408:C:G
11	134321409	0.4212	11:134321409:T:C
11	134321637	0.1349	rs11223821
11	134321827	0.5782	rs10791366
11	134321857	0.07297	rs12361896
11	134322262	0.07298	rs73034335
11	134322291	0.8474	rs147207419
11	134322328	0.9003	rs7926191
11	134322566	0.6126	rs7103609
11	134322631	0.8046	rs77224575
11	134322867	0.2124	rs11223822
11	134323044	0.08579	rs139084232
11	134323250	0.1478	rs11601026
11	134323279	0.7613	11:134323279:G:A
11	134323342	0.1615	rs4245132
11	134323444	0.9043	rs4245133
11	134323455	0.07645	rs11223824
11	134323513	0.02474	rs190979138
11	134323597	0.8837	rs4937891
11	134323771	0.0742	rs73034340
11	134324148	0.3035	rs146622617
11	134324166	0.001701	rs191212061
11	134324316	0.8042	rs199771899
11	134324387	0.1891	rs10791367
11	134324389	0.7174	11:134324389:C:T
11	134324459	0.03826	11:134324459:C:T
11	134324677	0.884	rs10894821
11	134325046	0.0743	rs11223825
11	134325173	0.1871	rs145091460
11	134325175	0.8939	rs10894822
11	134325272	0.3222	11:134325272:C:T
11	134325318	0.8837	rs10791368
11	134325328	0.07686	rs11223826
11	134325341	0.05613	rs192713936
11	134325431	0.1886	rs10791369
11	134325809	0.8683	rs376228132
11	134326054	0.73	rs183710974
11	134326176	0.167	11:134326176:G:T
11	134326280	0.5968	rs116990927
11	134326307	0.6775	rs186757352
11	134326308	0.6565	rs140572324
11	134326336	0.1657	rs11223827
11	134326344	0.3372	rs142927386
11	134326363	0.1663	rs11223828
11	134326516	0.8631	rs10894823
11	134326518	0.892	rs11223829
11	134326640	0.8492	rs148467662
11	134327012	0.4933	rs150525468
11	134327643	0.8231	rs190018260
11	134327784	0.4773	11:134327784:G:A
11	134327860	0.1635	rs142581414
11	134327864	0.1977	rs10894825
11	134328003	0.3868	11:134328003:C:T
11	134328016	0.7489	rs61910462
11	134328254	0.07333	rs34304413
11	134328262	0.1272	rs183869718
11	134328305	0.6374	rs188772732
11	134328328	0.6911	rs148992386
11	134328664	0.1933	rs10894826
11	134328708	0.8267	11:134328708:T:<INS:ME:ALU>:134328965
11	134328759	0.07328	rs71464008
11	134329063	0.1754	rs4937892
11	134329222	0.5968	11:134329222:T:C
11	134329232	0.6983	rs183822404
11	134329294	0.1914	rs10160471
11	134329350	0.79	rs75873500
11	134329368	0.1913	rs10160807
11	134329566	0.7281	rs76511143
11	134329581	0.1914	rs10791370
11	134329598	0.2991	11:134329598:C:A
11	134329835	0.07169	rs12802879
11	134330045	0.07233	rs73034363
11	134330254	0.168	rs12226875
11	134330399	0.0869	rs7115342
11	134330404	0.875	rs10894827
11	134330409	0.07929	rs11223841
11	134330418	0.7588	rs11223842
11	134330474	0.4305	rs142888097
11	134330488	0.07241	rs7115253
11	134330713	0.03074	rs118160491
11	134331248	0.4745	rs118128114
11	134331307	0.9898	rs191215581
11	134331380	0.8746	rs4075617
11	134331564	0.393	rs118039056
11	134331589	0.187	rs72472268
11	134331645	0.02491	rs75777802
11	134331734	0.09063	11:134331734:T:A
11	134331737	0.4048	rs376074259
11	134331792	0.9119	11:134331792:C:A
11	134332113	0.3725	rs4335562
11	134332154	0.7264	rs143307523
11	134332177	0.8342	rs11223843
11	134332377	0.7428	rs146176963
11	134332409	0.7484	rs61910463
11	134332533	0.5827	rs76904052
11	134332593	0.8167	rs4937893
11	134332616	0.08816	rs35483338
11	134332624	0.08974	rs34572307
11	134332800	0.06337	rs66853247
11	134332885	0.09568	rs79015890
11	134332926	0.6859	11:134332926:C:A
11	134333087	0.07285	rs67260687
11	134333090	0.00838	rs187932899
11	134333097	0.9068	11:134333097:A:G
11	134333161	0.9785	rs151316385
11	134333232	0.05842	rs71464009
11	134333344	0.00838	rs184228255
11	134333351	0.0747	rs34064974
11	134333360	0.1882	rs4937894
11	134333658	0.0796	rs73034383
11	134333794	0.07349	rs11223844
11	134334267	0.9778	rs192364086
11	134334286	0.252	11:134334286:A:T
11	134334441	0.6898	11:134334441:C:T
11	134334574	0.05807	rs67206424
11	134334611	0.06789	rs67901227
11	134334619	0.07377	rs35135125
11	134334903	0.138	rs146641473
11	134334953	0.3384	rs185850011
11	134335187	0.9099	rs141495983
11	134335225	0.1287	rs77114565
11	134335480	0.6295	rs182977932
11	134335584	0.03302	rs117367361
11	134335717	0.0661	rs7106366
11	134335720	0.1241	rs4495909
11	134335736	0.4286	11:134335736:C:G
11	134335739	0.3022	11:134335739:GTGCTTAGT:G
11	134335917	0.187	rs4559699
11	134335953	0.2549	rs3935519
11	134336459	0.03329	rs73034390
11	134336466	0.8891	rs184868892
11	134336548	0.6856	rs192247470
11	134336887	0.4368	rs4937896
11	134337076	0.4443	rs144922932
11	134337220	0.08472	rs11223846
11	134337305	0.1637	rs12272687
11	134337361	0.07447	rs7350520
11	134337566	0.01901	rs78071771
11	134337728	0.04934	rs10894828
11	134337850	0.04949	rs10791371
11	134337933	0.06427	rs117679632
11	134338022	0.02374	rs139199299
11	134338347	0.1768	chr11_134338347_C_T
11	134338515	0.1536	rs11223848
11	134339297	0.02255	rs74340720
11	134339355	0.4322	rs111478580
11	134339569	0.3612	rs141662699
11	134339632	0.04863	rs7117021
11	134339640	0.09433	rs11223849
11	134339651	0.02014	rs9783310
11	134339693	0.06595	rs7131504
11	134339708	0.2281	rs186595917
11	134339741	0.9944	rs73034394
11	134340053	0.9214	rs141693177
11	134340279	0.03379	rs4937897
11	134340340	0.9212	rs377208444
11	134340403	0.04296	rs10894829
11	134340457	0.05109	rs10791372
11	134340464	0.8608	11:134340464:G:A
11	134340748	0.1066	rs11223851
11	134340769	0.4662	rs192390733
11	134341183	0.02763	rs11223852
11	134341362	0.4387	rs150505882
11	134341424	0.4632	rs139485257
11	134341435	0.5614	rs117359673
11	134341897	0.2204	rs201643233
11	134341898	0.008469	rs5795889
11	134341898	0.2204	rs5795889
11	134342005	0.1424	rs12418947
11	134342267	0.2802	rs12282091
11	134342532	0.8554	rs75339183
11	134342580	0.8359	rs147935846
11	134342781	0.1565	rs11223853
11	134342782	0.02885	rs4128665
11	134342827	0.1603	rs188604740
11	134343005	0.9004	rs4128667
11	134343048	0.06583	rs4128666
11	134343388	0.6396	rs117203407
11	134343418	0.03828	11:134343418:G:GC
11	134343559	0.8427	rs181942934
11	134343672	0.6984	rs151033618
11	134343716	0.1268	rs186985125
11	134343855	0.3949	rs370938200
11	134343932	0.03731	rs4579940
11	134343947	0.4585	rs4567482
11	134343958	0.03732	rs4522185
11	134344068	0.2038	rs35379631
11	134344162	0.1517	rs367781189
11	134344525	0.04393	rs4936232
11	134344729	0.03213	rs4936233
11	134344843	0.1348	rs11223854
11	134345081	0.6353	11:134345081:C:T
11	134345192	0.6347	rs117856120
11	134345274	0.2556	rs117886721
11	134345428	0.03422	rs4245134
11	134345522	0.6225	11:134345522:A:<CN2>:134377546
11	134345675	0.9486	rs11223855
11	134345714	0.08727	rs113842488
11	134345870	0.1753	rs117003879
11	134345912	0.3105	rs117242025
11	134346119	0.01725	rs7130091
11	134346353	0.6003	rs184077076
11	134346368	0.4799	11:134346368:A:<CN2>:134613348
11	134346430	0.04411	rs4937898
11	134346431	0.06061	rs4937899
11	134346452	0.01067	rs189005295
11	134346455	0.7025	rs150008368
11	134346497	0.1618	rs73036312
11	134346572	0.2985	rs185187188
11	134346727	0.2532	rs143548599
11	134346786	0.6496	11:134346786:T:C
11	134346835	0.2381	rs183828811
11	134346948	0.3045	rs144541045
11	134347035	0.5101	rs190578102
11	134347118	0.3197	rs73591495
11	134347340	0.5649	rs373864004
11	134347363	0.1079	rs144171882
11	134347422	0.4162	rs78628356
11	134347521	0.8064	11:134347521:C:T
11	134347624	0.6123	rs146485401
11	134347693	0.5153	rs75517460
11	134347903	0.8639	11:134347903:A:<CN2>:134721844
11	134347921	0.257	rs4592433
11	134347974	0.0127	rs10791373
11	134348058	0.9157	rs117239456
11	134348097	0.06741	rs117589799
11	134348134	0.5295	rs4245135
11	134348139	0.2945	rs11223856
11	134348154	0.2743	rs12281937
11	134348216	0.4342	rs76450250
11	134348280	0.8117	rs148856098
11	134348291	0.3526	rs10894830
11	134348426	0.6458	rs10791374
11	134348493	0.628	rs11428131
11	134348583	0.6939	rs74382919
11	134348621	0.9844	11:134348621:G:A
11	134348650	0.7056	rs11824640
11	134348704	0.7956	rs11819954
11	134348711	0.6409	rs151028433
11	134348714	0.2735	rs7938989
11	134348726	0.8135	rs60829123
11	134348756	0.2961	rs4281495
11	134348801	0.5294	rs143304720
11	134348915	0.8428	rs7941895
11	134349197	0.5632	rs115301052
11	134349208	0.8511	rs61910482
11	134349214	0.5693	rs372065665
11	134349224	0.9202	rs11223857
11	134349265	0.3416	rs76827201
11	134349326	0.919	rs61910483
11	134349477	0.007865	rs118055182
11	134349501	0.2505	rs184378586
11	134349542	0.8174	rs7121146
11	134349684	0.5791	rs55987993
11	134349754	0.7757	rs10894831
11	134349903	0.4936	rs199823952
11	134350083	0.4667	rs193221176
11	134350107	0.5243	rs11223858
11	134350108	0.6433	rs12419998
11	134350211	0.4961	rs12285787
11	134350514	0.4314	rs139757021
11	134350645	0.8757	11:134350645:G:T
11	134350765	0.5453	rs185596434
11	134350821	0.9417	rs201155671
11	134351054	0.8658	rs75968835
11	134351075	0.5094	rs56737742
11	134351243	0.5724	rs11223859
11	134351260	0.9938	rs77636696
11	134351268	0.4639	rs56291804
11	134351655	0.5992	rs186427784
11	134351803	0.2014	11:134351803:G:A
11	134351815	0.5494	rs370765208
11	134351885	0.723	rs7925572
11	134351902	0.6622	11:134351902:GTCC:G
11	134352196	0.6481	rs149116148
11	134352215	0.3039	rs142151364
11	134352219	0.7495	rs6590741
11	134352406	0.954	rs76905127
11	134352896	0.7093	rs11606721
11	134352920	0.03284	rs184836366
11	134352951	0.7338	rs11600556
11	134352974	0.9377	rs76131411
11	134352975	0.5135	rs10894832
11	134353049	0.7793	rs375472721
11	134353181	0.7015	rs147561214
11	134353302	0.8746	rs11223860
11	134353383	0.719	rs79116505
11	134353384	0.7059	rs77987591
11	134353399	0.4412	rs141912147
11	134353443	0.888	11:134353443:C:A
11	134353452	0.3605	rs7123822
11	134353544	0.4975	rs184231204
11	134353827	0.799	rs7111077
11	134353946	0.7953	rs61349996
11	134353959	0.8422	rs117976727
11	134353960	0.007489	rs7111611
11	134354047	0.5392	rs368411246
11	134354110	0.9563	11:134354110:T:TTCTAGGGG
11	134354140	0.8008	rs75560348
11	134354192	0.1843	rs186543089
11	134354443	0.9444	rs4076615
11	134354512	0.8056	rs4076616
11	134354531	0.8007	rs11607792
11	134354648	0.3372	rs4335563
11	134354659	0.8071	rs11601681
11	134354718	0.8258	rs11603653
11	134354733	0.9853	rs11601698
11	134354935	0.9764	rs111642409
11	134354935	0.7462	rs111642409
11	134354951	0.8958	11:134354951:C:A
11	134355050	0.179	rs140559301
11	134355053	0.2691	rs191228726
11	134355088	0.7191	rs7116103
11	134355137	0.6191	rs183086999
11	134355327	0.09987	rs79126318
11	134355610	0.7071	rs138863270
11	134355933	0.9242	rs7119746
11	134356023	0.7062	rs150677573
11	134356055	0.6153	rs145236052
11	134356255	0.7563	rs78386098
11	134356275	0.5581	rs12279152
11	134356310	0.7926	rs11223861
11	134356322	0.6966	11:134356322:C:T
11	134356361	0.9679	rs201748121
11	134356361	0.6951	11:134356361:C:T
11	134356388	0.8425	rs28403104
11	134356435	0.3565	rs12795722
11	134356443	0.9535	rs11605154
11	134356444	0.9535	rs11607085
11	134356476	0.301	rs12795933
11	134356484	0.2934	rs34563402
11	134356485	0.7309	11:134356485:G:A
11	134356705	0.9849	rs11602971
11	134357023	0.3873	rs12418713
11	134357078	0.9479	rs77116101
11	134357146	0.7975	rs185044060
11	134357150	0.4358	rs12418724
11	134357185	0.5847	rs111602650
11	134357219	0.5278	rs113075841
11	134357710	0.9274	rs11223862
11	134357770	0.2836	rs59375486
11	134358205	0.6318	rs148727964
11	134358222	0.8239	rs7115220
11	134358310	0.2598	11:134358310:A:T
11	134358377	0.4274	rs34851634
11	134358515	0.3563	rs182246878
11	134358749	0.6352	rs114857908
11	134358833	0.235	rs141343487
11	134359072	0.4552	rs9783342
11	134359186	0.9121	rs7119754
11	134359194	0.3273	rs4457763
11	134359300	0.8577	rs113013475
11	134359310	0.8538	rs112114030
11	134359375	0.9471	11:134359375:C:T
11	134359390	0.3855	rs199954984
11	134359391	0.3855	rs11606887
11	134359400	0.6827	rs188734601
11	134359403	0.6827	11:134359403:GACA:G
11	134359432	0.6668	rs75721450
11	134359475	0.1355	11:134359475:C:T
11	134359581	0.07247	rs183834996
11	134359808	0.832	rs11223863
11	134359886	0.8465	rs11223864
11	134360064	0.3351	rs4469900
11	134360293	0.8371	rs188111323
11	134360333	0.8173	rs117555492
11	134360350	0.8107	rs113209969
11	134360586	0.7143	rs111884379
11	134360609	0.223	rs202109477
11	134360743	0.8299	11:134360743:T:G
11	134360816	0.5927	rs10791375
11	134360860	0.7574	rs150231169
11	134361009	0.9007	rs112475184
11	134361256	0.6021	rs190134427
11	134361305	0.8983	11:134361305:C:A
11	134361345	0.1111	11:134361345:T:C
11	134361356	0.9062	rs11821713
11	134361557	0.2928	rs371637137
11	134361597	0.3152	rs113079643
11	134361688	0.3319	rs182511523
11	134361757	0.4651	rs187588678
11	134361834	0.8157	rs10894833
11	134362048	0.402	rs77650707
11	134362134	0.454	rs143757253
11	134362138	0.8456	rs11223867
11	134362150	0.8174	rs375181860
11	134362150	0.6521	rs375181860
11	134362384	0.284	rs4471437
11	134362407	0.6642	rs182849932
11	134362414	0.5038	rs187133232
11	134362421	0.1154	rs376427265
11	134362422	0.8557	11:134362422:G:<CN0>:0
11	134362500	0.7116	rs4483606
11	134362587	0.9497	rs56331962
11	134362909	0.3649	rs192766180
11	134363035	0.1917	rs184181614
11	134363146	0.1155	rs189117702
11	134363355	0.5877	rs148117401
11	134363435	0.7416	rs143200560
11	134363435	0.9415	rs143200560
11	134363568	0.3678	rs80072680
11	134363755	0.3228	11:134363755:C:A
11	134363813	0.9358	rs180992046
11	134363824	0.9056	rs111993071
11	134363872	0.8386	11:134363872:C:G
11	134363874	0.8388	11:134363874:T:C
11	134364370	0.7287	rs182989626
11	134364426	0.19	rs149178770
11	134364478	0.7236	rs192571773
11	134364797	0.8144	rs78307230
11	134364838	0.877	11:134364838:T:A
11	134364844	0.3353	rs7114386
11	134364853	0.8027	rs77294765
11	134364882	0.8028	rs77351957
11	134364999	0.8171	rs138326487
11	134365150	0.53	rs143730481
11	134365228	0.9945	rs147207372
11	134365459	0.2481	rs192705398
11	134365467	0.8437	rs138652270
11	134365468	0.9202	rs184842472
11	134365916	0.6945	rs144560142
11	134365960	0.5895	rs192214289
11	134365975	0.7505	rs11223869
11	134366108	0.4742	11:134366108:C:T
11	134366187	0.932	rs142582237
11	134366228	0.9946	rs145936688
11	134366256	0.8232	rs139837658
11	134366281	0.708	rs146358754
11	134366692	0.8555	11:134366692:T:C
11	134366810	0.9255	rs139999500
11	134366871	0.8235	rs140462283
11	134366975	0.8389	rs7116689
11	134366982	0.494	rs181639219
11	134367136	0.824	rs59254338
11	134367164	0.9109	rs35231649
11	134367330	0.2838	rs11606333
11	134367484	0.8317	rs7117302
11	134367492	0.8316	rs142321929
11	134367548	0.2047	11:134367548:C:A
11	134367642	0.2901	rs73036335
11	134367663	0.8068	rs4512874
11	134367664	0.8071	rs4576835
11	134367772	0.8135	rs188222694
11	134367820	0.8271	rs4268526
11	134367977	0.9142	rs4578403
11	134368005	0.8926	rs7104774
11	134368029	0.3627	rs376852111
11	134368115	0.2936	rs141377421
11	134368252	0.6944	rs12577387
11	134368274	0.2613	rs75965086
11	134368402	0.5682	rs112303304
11	134368763	0.4891	rs117994471
11	134368765	0.8703	rs79817170
11	134368766	0.8068	rs77200068
11	134368792	0.7896	rs11223871
11	134368807	0.8676	rs11223872
11	134368903	0.6777	11:134368903:G:C
11	134369027	0.4883	rs139869749
11	134369170	0.9218	rs11223873
11	134369320	0.05233	11:134369320:C:G
11	134369417	0.3281	rs7109883
11	134369628	0.8123	rs11223874
11	134369755	0.8256	rs11223875
11	134370149	0.04343	rs145727116
11	134370185	0.8703	rs184372523
11	134370283	0.9224	11:134370283:AATC:A
11	134370291	0.3051	rs7950968
11	134370292	0.8363	rs11223876
11	134370433	0.533	rs4937902
11	134370455	0.2938	rs188191933
11	134370586	0.8224	rs7936220
11	134370657	0.6671	rs61910490
11	134370686	0.8488	11:134370686:G:C
11	134370720	0.2934	rs138566616
11	134370747	0.3613	rs189793934
11	134370772	0.4169	rs376512114
11	134371119	0.3369	rs4937904
11	134371231	0.8566	rs79999058
11	134371265	0.8404	rs59057270
11	134371311	0.2768	rs11600295
11	134371321	0.01196	rs186424629
11	134371322	0.4099	rs191744332
11	134371441	0.2719	11:134371441:C:T
11	134371797	0.4013	11:134371797:A:<CN2>:134401227
11	134371824	0.1466	rs374184529
11	134372146	0.3792	rs144819040
11	134372153	0.5632	11:134372153:C:A
11	134372217	0.9835	rs118110327
11	134372248	0.8274	rs55981903
11	134372421	0.8778	rs80179645
11	134372462	0.3539	rs140210426
11	134372480	0.9043	rs377218158
11	134372527	0.6482	rs11223877
11	134372645	0.5269	rs190908588
11	134372932	0.9061	rs149328161
11	134373081	0.9828	rs10750570
11	134373082	0.9572	rs10750571
11	134373157	0.9421	rs10791376
11	134373297	0.3891	rs116356907
11	134373319	0.8359	rs77373036
11	134373419	0.3499	rs4937905
11	134373462	0.1539	rs58327513
11	134373597	0.1916	rs192975769
11	134373852	0.9068	rs7116272
11	134373871	0.5351	rs144764477
11	134373881	0.9293	rs11605721
11	134374111	0.37	rs12804946
11	134374153	0.3961	rs12804812
11	134374269	0.2125	rs61191138
11	134374270	0.4109	11:134374270:G:C
11	134374423	0.7347	rs149985503
11	134374708	0.7221	rs12574933
11	134374713	0.1279	rs73036346
11	134374772	0.1726	rs4582990
11	134375308	0.3051	rs11223878
11	134375358	0.1324	rs190545151
11	134375390	0.4106	rs181806960
11	134375557	0.6967	rs61910491
11	134375575	0.7682	rs61910492
11	134375726	0.9057	rs188583886
11	134375776	0.7611	rs4528346
11	134375851	0.6581	rs59595238
11	134375872	0.3807	11:134375872:G:C
11	134375914	0.3974	11:134375914:A:T
11	134376082	0.7118	rs75712899
11	134376084	0.2614	rs7946411
11	134376325	0.2546	rs10894834
11	134376558	0.8159	rs61910493
11	134376622	0.8947	rs11604268
11	134376803	0.7647	rs4936235
11	134376887	0.6958	rs11602401
11	134376917	0.9619	rs138528562
11	134376930	0.3037	rs144133298
11	134377068	0.5728	rs147296629
11	134377227	0.991	rs77070540
11	134377412	0.03956	rs192128881
11	134377475	0.1288	rs79629566
11	134377708	0.2342	rs12796502
11	134377770	0.4712	rs111971620
11	134377794	0.5878	rs112500711
11	134377865	0.127	rs369470704
11	134377877	0.1799	rs190473360
11	134377889	0.1745	rs75252979
11	134377915	0.7403	rs61910496
11	134377975	0.7224	rs66537956
11	134377978	0.1703	rs35097692
11	134378033	0.1343	rs141095441
11	134378223	0.9796	rs151258337
11	134378235	0.1074	rs73036358
11	134378236	0.9803	rs79126357
11	134378245	0.7374	rs77103005
11	134378280	0.8325	rs146724383
11	134378348	0.1439	rs4937906
11	134378391	0.8496	rs111425423
11	134378425	0.9827	rs370946961
11	134378433	0.9827	11:134378433:CAGGGTCCTATTTTGACTTTGCTGCCACTGAGATGCGATGTGGT:C
11	134378469	0.1436	rs373274190
11	134378477	0.52	rs117005362
11	134378520	0.8094	rs74826231
11	134378538	0.2007	rs189091732
11	134378893	0.9826	rs77167234
11	134379047	0.2371	rs58381180
11	134379060	0.7517	rs7937148
11	134379083	0.8347	rs78958473
11	134379146	0.9538	rs149067419
11	134379232	0.7096	11:134379232:G:A
11	134379249	0.2519	11:134379249:TGGA:T
11	134379256	0.4293	11:134379256:G:A
11	134379297	0.7976	rs78153233
11	134379298	0.6328	11:134379298:G:A
11	134379438	0.8292	rs74451874
11	134379443	0.8693	rs117433606
11	134379694	0.4576	rs368721656
11	134379890	0.824	rs77035130
11	134379980	0.799	rs117129241
11	134380050	0.7681	rs114321875
11	134380109	0.5321	rs373422612
11	134380115	0.8236	rs118159424
11	134380116	0.8236	rs117149759
11	134380120	0.186	rs12276453
11	134380135	0.03452	11:134380135:G:A
11	134380334	0.7101	rs147313542
11	134380429	0.822	rs75493105
11	134380480	0.6029	rs73036363
11	134380488	0.6275	rs75187237
11	134380597	0.5379	11:134380597:C:T
11	134380710	0.9475	rs370125376
11	134380711	0.9567	rs3924981
11	134380739	0.746	rs117207410
11	134380772	0.8055	rs3924982
11	134380772	0.7647	rs3924982
11	134380879	0.7465	rs77547169
11	134381231	0.1234	rs4427580
11	134381331	0.5067	rs192275856
11	134381337	0.1649	rs149596987
11	134381546	0.1529	rs4245136
11	134381565	0.7974	rs185869666
11	134381569	0.5332	rs4606492
11	134381582	0.5331	rs4357701
11	134381739	0.2101	rs11223879
11	134381842	0.4881	rs61230581
11	134381912	0.4859	rs148488042
11	134381990	0.4859	rs60718772
11	134381999	0.4872	rs59652355
11	134382025	0.7621	rs79359932
11	134382054	0.4866	rs56668652
11	134382230	0.9249	rs4444092
11	134382314	0.5546	rs56722435
11	134382338	0.5543	rs61464189
11	134382365	0.5542	rs57004182
11	134382588	0.2382	rs147799100
11	134382646	0.4819	rs59601502
11	134382821	0.3771	rs78090262
11	134382848	0.9886	rs73593238
11	134382853	0.1682	rs79059938
11	134382902	0.3014	11:134382902:G:A
11	134382978	0.3357	11:134382978:A:G
11	134383046	0.6443	rs55991038
11	134383072	0.4851	rs61910520
11	134383116	0.398	rs375867349
11	134383214	0.8812	rs139318765
11	134383266	0.4839	rs61910521
11	134383325	0.09553	11:134383325:G:A
11	134383352	0.7268	rs7925307
11	134383446	0.5307	rs184212167
11	134383597	0.8053	rs61910522
11	134383599	0.8559	rs61910523
11	134383601	0.856	rs61910524
11	134383615	0.9275	rs377250313
11	134383660	0.1034	11:134383660:G:A
11	134383690	0.1769	11:134383690:G:A
11	134383697	0.6426	rs76042035
11	134383714	0.5937	rs116896039
11	134383848	0.5828	rs76026394
11	134383857	0.6176	rs189650869
11	134383874	0.5897	rs74872374
11	134383995	0.07667	rs141889665
11	134384043	0.7445	rs79327862
11	134384102	0.5903	rs61910525
11	134384333	0.161	rs5795890
11	134384366	0.4892	rs79208916
11	134384387	0.04773	rs10750572
11	134384580	0.1676	rs12221828
11	134384604	0.6034	rs146311759
11	134384687	0.9587	rs78800140
11	134384778	0.1461	rs181671329
11	134385025	0.8095	rs111793124
11	134385026	0.6301	rs117786140
11	134385027	0.003212	11:134385027:G:A
11	134385142	0.8827	11:134385142:C:CGGGGATAGGGACTATTCCCTCCAGGTTTTCACAGATTCCTGG
11	134385168	0.04284	rs73036375
11	134385215	0.1415	rs118116745
11	134385314	0.2517	11:134385314:T:A
11	134385710	0.3468	rs150940202
11	134385734	0.9612	rs117404344
11	134385857	0.6412	rs75329284
11	134386089	0.696	11:134386089:G:A
11	134386180	0.7548	rs116382317
11	134386268	0.4895	rs117676802
11	134386313	0.1169	rs11223880
11	134386423	0.7206	rs73036378
11	134386506	0.4658	rs185003758
11	134386512	0.3493	rs118173946
11	134386519	0.4084	rs61910526
11	134386530	0.415	rs61910527
11	134386552	0.2195	rs79048621
11	134386590	0.9556	rs371722925
11	134386613	0.07808	rs12797672
11	134386701	0.7504	rs7951177
11	134386905	0.7605	rs73036381
11	134387137	0.6087	rs73036383
11	134387208	0.9559	rs148099459
11	134387220	0.8422	11:134387220:G:A
11	134387373	0.7621	rs58930470
11	134387446	0.4611	rs7933606
11	134387458	0.461	rs7933502
11	134387496	0.3352	11:134387496:A:T
11	134387515	0.5424	rs12419058
11	134387561	0.6977	rs375942308
11	134387631	0.6507	rs139634358
11	134387826	0.4524	rs61910528
11	134388029	0.4735	rs61910529
11	134388546	0.1652	rs186701321
11	134388552	0.4691	rs3934863
11	134388717	0.778	rs4430529
11	134388879	0.07182	11:134388879:C:T
11	134388943	0.4847	rs3935330
11	134388955	0.4823	rs3935329
11	134389309	0.003634	11:134389309:C:T
11	134389316	0.4731	rs61910530
11	134389363	0.6253	rs183452265
11	134389529	0.4665	rs61910531
11	134389535	0.4665	rs61910532
11	134389542	0.773	rs79863231
11	134389689	0.3587	rs192539680
11	134389808	0.4739	rs61910533
11	134389832	0.9394	rs188441300
11	134389902	0.7609	rs12363840
11	134390008	0.5531	rs113032593
11	134390099	0.5583	rs185020077
11	134390129	0.08778	rs74901044
11	134390215	0.4826	rs61910534
11	134390316	0.4858	rs61910535
11	134390362	0.01091	11:134390362:CTCT:C
11	134390575	0.4775	11:134390575:C:T
11	134390659	0.8911	rs148654212
11	134390759	0.8916	rs114351283
11	134390943	0.4009	rs7948792
11	134390985	0.4993	11:134390985:G:A
11	134391076	0.4481	rs144245057
11	134391132	0.479	rs7949323
11	134391209	0.4491	rs7949139
11	134391341	0.6112	rs182153898
11	134391420	0.7593	rs73036387
11	134391423	0.7435	rs117550157
11	134391482	0.3616	11:134391482:C:T
11	134391551	0.3959	rs7936175
11	134391583	0.5572	11:134391583:G:C
11	134391593	0.1281	rs12420612
11	134391603	0.4722	rs61910536
11	134391612	0.7176	11:134391612:C:T
11	134391747	0.02021	rs7128583
11	134392003	0.1011	rs374376277
11	134392193	0.06525	rs112678264
11	134392193	0.7131	rs112678264
11	134392432	0.4601	rs61910537
11	134392536	0.7532	rs73036390
11	134392906	0.09968	rs10894835
11	134393025	0.4779	rs57234634
11	134393098	0.08082	rs183656165
11	134393360	0.5989	11:134393360:G:A
11	134393362	0.4742	rs375404727
11	134393372	0.007872	rs7106638
11	134393377	0.1171	rs7106404
11	134393383	0.9276	11:134393383:G:A
11	134393389	0.0116	rs7106299
11	134393393	0.0116	rs7106303
11	134393400	0.006374	rs185312662
11	134393513	0.2238	11:134393513:G:A
11	134393753	0.7743	11:134393753:G:A
11	134393868	0.7099	rs113344117
11	134393916	0.6698	11:134393916:G:A
11	134393947	0.01083	rs368052904
11	134394075	0.2524	rs187373622
11	134394113	0.859	11:134394113:A:G
11	134394118	0.8584	rs187230392
11	134394168	0.9604	rs56280354
11	134394203	0.6455	11:134394203:G:A
11	134394393	0.1768	11:134394393:T:C
11	134394871	0.4536	rs139079831
11	134394921	0.2767	rs192678612
11	134394924	0.6527	rs369828684
11	134395026	0.1002	rs187713731
11	134395080	0.5627	rs11223883
11	134395242	0.0318	rs7936730
11	134395301	0.1411	rs79076856
11	134395448	0.006906	rs10894836
11	134395635	0.4269	rs7952453
11	134395978	0.3786	rs61910539
11	134396108	0.54	11:134396108:G:A
11	134396173	0.02702	rs11600008
11	134396888	0.7354	rs11223884
11	134396904	0.6235	rs190929170
11	134397256	0.5483	rs74751604
11	134397357	0.4504	rs61910540
11	134397616	0.3314	11:134397616:G:A
11	134398122	0.2484	rs36035998
11	134398162	0.4753	rs141608209
11	134398181	0.6146	rs187511832
11	134398183	0.1034	11:134398183:A:T
11	134398287	0.7056	11:134398287:C:T
11	134398295	0.1058	rs79127612
11	134398296	0.5769	rs147039862
11	134398654	0.1617	rs150138620
11	134398765	0.7921	rs117018622
11	134398771	0.2571	rs138617088
11	134398777	0.655	rs73036394
11	134398890	0.4876	rs61910542
11	134399016	0.9014	rs73036397
11	134399145	0.1809	rs77356843
11	134399331	0.2926	rs118139804
11	134399594	0.6428	rs4936236
11	134399615	0.974	rs11223886
11	134399621	0.659	rs186399978
11	134399626	0.4782	rs190812716
11	134399736	0.5614	rs4936237
11	134399760	0.04834	rs4936238
11	134399978	0.8871	rs116943788
11	134400084	0.6472	11:134400084:G:T
11	134400108	0.6626	rs74204433
11	134400124	0.9598	rs113365285
11	134400460	0.8961	rs117109189
11	134400750	0.8165	11:134400750:C:T
11	134400805	0.6919	chr11_134400805_C_T
11	134400844	0.6416	11:134400844:C:T
11	134400905	0.4002	rs77018746
11	134400917	0.4386	11:134400917:G:C
11	134400918	0.4386	11:134400918:C:CCG
11	134400957	0.1835	rs192970768
11	134401233	0.6152	11:134401233:G:A
11	134401302	0.5908	rs12418354
11	134401405	0.7831	rs183512965
11	134401611	0.979	11:134401611:TCCCATCTGACGCCTACAGCGGCCTCACTCAGCAAGA:T
11	134401643	0.2157	rs149111674
11	134401679	0.9287	rs183822187
11	134401703	0.3087	11:134401703:G:A
11	134401754	0.9392	rs10791377
11	134401780	0.9296	rs10750573
11	134401839	0.2203	rs77080054
11	134402064	0.6372	rs143059683
11	134402107	0.5351	rs11223887
11	134402132	0.859	rs186786650
11	134402324	0.2899	rs55659847
11	134402511	0.8493	rs118176209
11	134402522	0.1391	11:134402522:G:A
11	134402611	0.7282	rs7944093
11	134402797	0.2953	rs189827791
11	134402810	0.6949	rs186329507
11	134402958	0.6093	rs192168704
11	134403004	0.8865	rs33999186
11	134403183	0.5009	rs12273199
11	134403389	0.4102	rs11223888
11	134403444	0.2802	11:134403444:A:ATTTCAAAACCT
11	134403445	0.2802	rs200159344
11	134403548	0.2538	rs148202792
11	134403560	0.003139	11:134403560:C:T
11	134403592	0.1877	rs142388350
11	134403615	0.0629	rs113213298
11	134403616	0.3329	rs12287910
11	134403863	0.1201	rs34002219
11	134403887	0.09376	11:134403887:C:<CN0>:0
11	134404193	0.8787	rs3924413
11	134404225	0.003052	11:134404225:G:A
11	134404241	0.3135	rs79144565
11	134404479	0.1768	rs76546472
11	134405014	0.8097	11:134405014:G:A
11	134405033	0.4392	rs4936239
11	134405147	0.2874	rs148910826
11	134405370	0.3026	11:134405370:C:T
11	134405585	0.7869	rs138067856
11	134405729	0.8189	rs140898628
11	134405964	0.4585	rs6590742
11	134405996	0.9801	rs6590743
11	134405997	0.9759	rs144631989
11	134405997	0.7179	rs144631989
11	134406014	0.054	rs61910546
11	134406042	0.003394	rs77290898
11	134406059	0.4473	rs6590744
11	134406190	0.9277	rs148221923
11	134406309	0.849	rs7109085
11	134406336	0.5109	rs143358351
11	134406386	0.9091	rs147509803
11	134406467	0.4336	rs140036405
11	134406468	0.9233	rs145565649
11	134406709	0.7733	rs111533208
11	134406899	0.2946	11:134406899:C:CT
11	134406903	0.16	rs11602388
11	134407057	0.731	rs184698795
11	134407108	0.4354	rs10894837
11	134407137	0.4716	11:134407137:T:C
11	134407160	0.3662	rs189632541
11	134407305	0.126	rs11600683
11	134407370	0.801	rs12272206
11	134407388	0.6055	11:134407388:C:G
11	134407406	0.2293	rs11600736
11	134407453	0.293	rs142262597
11	134408050	0.5483	11:134408050:C:T
11	134408098	0.2779	chr11_134408098_A_G
11	134408161	0.02615	rs118011998
11	134408246	0.3882	rs113038685
11	134408258	0.3879	rs112326404
11	134408281	0.7997	rs146517569
11	134408559	0.7635	rs75381052
11	134408575	0.7483	rs34796975
11	134408581	0.7162	rs34791591
11	134408831	0.8825	rs73593274
11	134408935	0.9246	rs6590745
11	134408988	0.8178	rs7129387
11	134409243	0.7177	rs35072498
11	134409297	0.06891	11:134409297:T:A
11	134409317	0.9553	rs61911864
11	134409335	0.9356	rs34259861
11	134409341	0.14	rs76022972
11	134409652	0.6756	rs12417998
11	134409677	0.7842	rs61911865
11	134409735	0.426	rs117888483
11	134409756	0.8115	rs4319528
11	134409981	0.1539	rs11602023
11	134410045	0.4688	rs61911866
11	134410117	0.5063	11:134410117:C:T
11	134410197	0.4361	rs11223889
11	134410212	0.4585	rs7103313
11	134410244	0.9934	11:134410244:TG:T
11	134410451	0.7736	rs4325325
11	134410452	0.3494	rs76486027
11	134410483	0.9189	rs36014265
11	134410511	0.2677	rs61908861
11	134410521	0.4364	rs184127467
11	134410565	0.7396	rs4625482
11	134410606	0.575	rs12278035
11	134410761	0.283	rs186432217
11	134410837	0.4089	rs10894838
11	134411182	0.704	rs76890110
11	134411391	0.5879	chr11_134411391_C_T
11	134411434	0.2903	rs12418737
11	134411435	0.7804	rs7930732
11	134411462	0.4548	rs73593283
11	134411608	0.3972	rs186623462
11	134411624	0.4241	11:134411624:AC:A
11	134411731	0.9138	rs7108293
11	134411770	0.3036	rs117473957
11	134411781	0.762	rs3922657
11	134411809	0.6909	rs4491247
11	134411914	0.472	rs6590746
11	134411948	0.7775	rs4439525
11	134412004	0.3547	rs3922656
11	134412059	0.322	rs12280153
11	134412112	0.1359	rs11603227
11	134412132	0.846	rs201953710
11	134412148	0.3124	rs139655110
11	134412307	0.9102	rs11223892
11	134412414	0.8514	rs11223893
11	134412525	0.4607	rs184918456
11	134412565	0.3308	rs143352789
11	134412690	0.992	rs140194995
11	134412739	0.9257	rs7934698
11	134412774	0.5153	rs10894839
11	134412799	0.3181	11:134412799:G:T
11	134412800	0.3074	rs11223894
11	134412867	0.484	rs75521445
11	134413156	0.828	rs10714222
11	134413340	0.6645	rs373632146
11	134413678	0.7989	rs77470911
11	134413683	0.4338	rs77944592
11	134413690	0.7829	11:134413690:G:C
11	134413722	0.4239	rs7938789
11	134413964	0.8642	11:134413964:G:<CN2>:134504037
11	134413972	0.9078	rs7941918
11	134414287	0.001733	11:134414287:A:C
11	134414325	0.1502	rs73593289
11	134414328	0.5419	11:134414328:A:G
11	134414340	0.7919	rs78499762
11	134414424	0.7356	rs10791378
11	134414496	0.6741	rs11223895
11	134414597	0.6395	rs11223896
11	134414622	0.5816	rs11825319
11	134414657	0.4071	rs7942818
11	134414714	0.5743	rs115605519
11	134414774	0.8389	rs7945798
11	134414864	0.7532	rs34599072
11	134415158	0.5667	rs78636935
11	134415541	0.8481	rs118003852
11	134415543	0.8432	rs4525252
11	134415578	0.846	rs73038339
11	134416030	0.73	rs61908862
11	134416032	0.7731	rs112118510
11	134416212	0.3247	rs12287648
11	134416360	0.04087	rs34861820
11	134416382	0.7972	11:134416382:G:A
11	134416490	0.2804	rs61908863
11	134416685	0.6095	rs10791379
11	134416704	0.6633	rs10791380
11	134416758	0.5115	rs76125015
11	134416844	0.9476	11:134416844:C:T
11	134416860	0.5363	rs10791381
11	134416897	0.6768	rs73038346
11	134417150	0.3903	rs78705591
11	134417759	0.842	rs7936692
11	134417928	0.4283	rs80312081
11	134418432	0.8214	rs78303050
11	134418452	0.3615	rs76776526
11	134418459	0.5975	rs4937907
11	134418503	0.7028	rs182143338
11	134418511	0.67	rs186316324
11	134418694	0.3696	11:134418694:A:G
11	134418934	0.9168	rs7940755
11	134419029	0.6361	rs12419531
11	134419057	0.8683	11:134419057:A:C
11	134419168	0.5095	rs183119701
11	134419214	0.7706	rs12791269
11	134419262	0.6341	rs12421263
11	134419338	0.7708	rs191493958
11	134419394	0.6835	rs183686408
11	134419398	0.6329	rs11223897
11	134419501	0.3351	11:134419501:A:G
11	134419533	0.6355	rs10894840
11	134419816	0.5668	11:134419816:CTTTGCCCACTTTTTGATGGGGTTGTTTGATT:C
11	134420041	0.2336	11:134420041:T:C
11	134420090	0.8647	rs144188466
11	134420100	0.865	rs147782753
11	134420162	0.1912	rs184105174
11	134420438	0.9967	rs142638449
11	134420630	0.732	rs141992540
11	134420654	0.7305	rs150282469
11	134420787	0.7334	rs7948610
11	134420804	0.7729	rs148971539
11	134421027	0.1962	rs191728581
11	134421045	0.7758	rs145633185
11	134421058	0.7594	11:134421058:C:T
11	134421080	0.6159	rs182915603
11	134421095	0.474	rs187254315
11	134421292	0.6638	rs146056810
11	134421308	0.92	rs185653746
11	134421456	0.08621	rs12806825
11	134421654	0.06418	rs35743386
11	134421657	0.451	rs11223898
11	134421660	0.4562	rs113300829
11	134421661	0.5948	11:134421661:C:G
11	134421798	0.715	rs12288735
11	134421889	0.751	rs117361488
11	134421906	0.7065	rs181331665
11	134421971	0.1725	rs76904687
11	134422058	0.1001	rs200867769
11	134422082	0.9313	rs183985079
11	134422422	0.4203	rs147202242
11	134422507	0.6666	rs61908866
11	134422722	0.9988	rs75201574
11	134422753	0.9558	rs6590748
11	134422767	0.08196	rs140393886
11	134422868	0.3973	rs144356757
11	134423044	0.8341	rs77683313
11	134423048	0.2405	rs77149270
11	134423188	0.001869	rs117494807
11	134423252	0.4777	rs11223899
11	134423307	0.8328	rs61908867
11	134423315	0.8283	rs148812738
11	134423543	0.8518	rs73038356
11	134423761	0.9186	rs112166515
11	134423770	0.1473	rs189708944
11	134423823	0.5259	rs4936240
11	134424092	0.1754	rs34944754
11	134424101	0.1845	rs112771030
11	134424101	0.5249	rs112771030
11	134424297	0.512	rs145778978
11	134424624	0.4531	11:134424624:T:C
11	134424666	0.139	rs10894841
11	134424666	0.586	rs10894841
11	134424745	0.9946	rs80122627
11	134424773	0.1437	rs111330466
11	134424793	0.7535	rs144694189
11	134424802	0.7832	rs75152599
11	134424848	0.2279	rs148056953
11	134424850	0.05824	11:134424850:C:T
11	134424952	0.4567	rs116934354
11	134425065	0.3519	rs117997732
11	134425183	0.8558	11:134425183:T:C
11	134425301	0.9147	rs79907142
11	134425315	0.2536	rs4597081
11	134425566	0.3492	rs35766096
11	134425567	0.2715	rs111515971
11	134425806	0.306	rs144910854
11	134425832	0.3475	11:134425832:G:A
11	134425833	0.1736	rs7118423
11	134426034	0.4942	rs76051920
11	134426227	0.6509	11:134426227:A:AT
11	134426265	0.993	rs61908868
11	134426308	0.2415	rs112478156
11	134426461	0.4346	rs13377274
11	134426966	0.4021	rs76675559
11	134427088	0.9533	rs34835978
11	134427176	0.4888	rs61908870
11	134427239	0.4183	rs77245804
11	134427596	0.3182	rs75555646
11	134427657	0.6981	rs11223900
11	134427687	0.8051	11:134427687:T:C
11	134427765	0.06808	rs79594901
11	134427810	0.1578	rs183558791
11	134428126	0.1599	rs73595010
11	134428586	0.1888	rs10894842
11	134428809	0.4648	rs376144520
11	134428919	0.3363	rs147411705
11	134429085	0.5119	rs111820632
11	134429109	0.1628	11:134429109:C:T
11	134429142	0.5685	rs376823875
11	134429314	0.3269	rs146628105
11	134429395	0.4757	rs184702816
11	134429441	0.3335	rs74375429
11	134429530	0.5647	11:134429530:G:T
11	134429544	0.732	11:134429544:G:T
11	134429637	0.8588	rs188463757
11	134429656	0.3367	rs143783678
11	134429683	0.4132	rs74525686
11	134429821	0.6828	rs12800764
11	134429855	0.5258	rs12800788
11	134429924	0.6188	rs73038361
11	134430082	0.1779	11:134430082:G:GCT
11	134430209	0.8548	11:134430209:G:A
11	134430272	0.03588	rs7113440
11	134430533	0.08825	rs56306313
11	134430642	0.3756	rs79779799
11	134430660	0.3974	rs143685771
11	134430809	0.5988	rs199529735
11	134430826	0.9698	rs11223901
11	134431086	0.2587	11:134431086:C:A
11	134431201	0.03087	rs371591650
11	134431218	0.4256	rs11223902
11	134431234	0.8148	rs12788981
11	134431249	0.03673	rs115679273
